source_library_path,allocated_path,category,size_bytes,sha256
audio/music/midi/mq0-bgm-midi-001_f0949574fb.mid,assets/audio/source/midi/mq0_bgm_midi_001_f0949574fb.mid,assets/audio/source/midi,1448,f0949574fbd965e86f854029ccccae855762f12099a92837dd5e95a4bc5ec6bd
audio/music/midi/mq0-bgm-midi-002_a5a964c168.mid,assets/audio/source/midi/mq0_bgm_midi_002_a5a964c168.mid,assets/audio/source/midi,1050,a5a964c168c8382da0fa5bfa23afd6ad1e86d1a2577702e3e7cabae9365ebfde
audio/music/midi/mq0-bgm-midi-003_283825cef6.mid,assets/audio/source/midi/mq0_bgm_midi_003_283825cef6.mid,assets/audio/source/midi,1018,283825cef6a9bfb4b30ae140c5c8273255fb0cd3fdb32adfb8b9544f82c6ee6d
audio/music/midi/mq0-bgm-midi-004_3661fbe52c.mid,assets/audio/source/midi/mq0_bgm_midi_004_3661fbe52c.mid,assets/audio/source/midi,1364,3661fbe52c941545fedefb3ed60e77c17debbf319761f74f140c3ddc7dfaae8b
audio/music/midi/mq0-bgm-midi-005_e5bf7704ae.mid,assets/audio/source/midi/mq0_bgm_midi_005_e5bf7704ae.mid,assets/audio/source/midi,1420,e5bf7704ae59c66ad66b269070fd21ed8412110eab5ebd28ca64a333fa410be8
audio/music/midi/mq0-bgm-midi-006_ac4efe4a85.mid,assets/audio/source/midi/mq0_bgm_midi_006_ac4efe4a85.mid,assets/audio/source/midi,1820,ac4efe4a85fce5b02234df6e6c3ad14f155136f775c3b780a65636b634ef8d21
audio/music/midi/mq0-bgm-midi-007_5a1832dad8.mid,assets/audio/source/midi/mq0_bgm_midi_007_5a1832dad8.mid,assets/audio/source/midi,779,5a1832dad8729f485ef9ac996830a1c85455cfbee391829bb6fd25668002357a
audio/music/midi/mq0-bgm-midi-008_609952d398.mid,assets/audio/source/midi/mq0_bgm_midi_008_609952d398.mid,assets/audio/source/midi,3653,609952d398265256bdf16947445d777d2172f5cda91a697070ac9cee894e8e50
audio/music/midi/mq0-bgm-midi-009_313b8f07e8.mid,assets/audio/source/midi/mq0_bgm_midi_009_313b8f07e8.mid,assets/audio/source/midi,7997,313b8f07e820c587aed7a4a0addf46fcfcac9e10887251ca907fcd50a728e3c1
audio/music/midi/mq0-bgm-midi-010_b66afeebce.mid,assets/audio/source/midi/mq0_bgm_midi_010_b66afeebce.mid,assets/audio/source/midi,5490,b66afeebceba9a3c86dddddf92245eb8e0d13779dea7c5ff55932ca810142742
audio/music/midi/mq0-bgm-midi-011_7b1db2d578.mid,assets/audio/source/midi/mq0_bgm_midi_011_7b1db2d578.mid,assets/audio/source/midi,7890,7b1db2d578ff4544f5a62bf9d0f3dc9d1be24aaea93c800602cc8dea33ccb033
audio/music/midi/mq0-bgm-midi-012_003416c24f.mid,assets/audio/source/midi/mq0_bgm_midi_012_003416c24f.mid,assets/audio/source/midi,17971,003416c24f682812068e6ffebe391e9f4195a39366f2a8cf5d334c3e9088797f
audio/music/midi/mq0-bgm-midi-013_83d207fd45.mid,assets/audio/source/midi/mq0_bgm_midi_013_83d207fd45.mid,assets/audio/source/midi,5016,83d207fd4517bc2621cc06a089dc8768a159918a5a5b046cec752da9ef13a431
audio/music/wav/mq0-bgm-wav-001_0f23f83db4.wav,assets/audio/source/wav/mq0_bgm_wav_001_0f23f83db4.wav,assets/audio/source/wav,4952664,0f23f83db43d0194a3e8b4f46c9657b7d590d68d506a708060e9a88fb1ed2c3e
audio/music/wav/mq0-bgm-wav-002_237788cd3c.wav,assets/audio/source/wav/mq0_bgm_wav_002_237788cd3c.wav,assets/audio/source/wav,6557374,237788cd3cfb27f75f11a43d1413b00793eb908a458616ef0435dd6cd17ce207
audio/music/wav/mq0-bgm-wav-003_e1ffcbf591.wav,assets/audio/source/wav/mq0_bgm_wav_003_e1ffcbf591.wav,assets/audio/source/wav,7406926,e1ffcbf591b6e41895fbcbb6107e5f85a8a541feaf47ca39be6c78e67ddaa0d6
audio/music/wav/mq0-bgm-wav-004_c4b08fedbb.wav,assets/audio/source/wav/mq0_bgm_wav_004_c4b08fedbb.wav,assets/audio/source/wav,3128670,c4b08fedbb34db384af52fc15b42b8a5b73dec85c5e54a341219bda288026a49
audio/music/wav/mq0-bgm-wav-005_58f44835e8.wav,assets/audio/source/wav/mq0_bgm_wav_005_58f44835e8.wav,assets/audio/source/wav,4612188,58f44835e83f5027256d4f9bea6244f84567404731ec90a48ed1c051e84a0d74
audio/music/wav/mq0-bgm-wav-006_67e4e6838d.wav,assets/audio/source/wav/mq0_bgm_wav_006_67e4e6838d.wav,assets/audio/source/wav,5498296,67e4e6838d2d86445cbd8be26bcff4b92dcbfbc15ddb6b2dffe32ba6e47af9a1
audio/music/wav/mq0-bgm-wav-007_c841122059.wav,assets/audio/source/wav/mq0_bgm_wav_007_c841122059.wav,assets/audio/source/wav,3411780,c84112205937eca6956f981fdea57140a856f3b3debe6fef1f435af4dae47c7b
audio/music/wav/mq0-bgm-wav-008_3a98b83fe1.wav,assets/audio/source/wav/mq0_bgm_wav_008_3a98b83fe1.wav,assets/audio/source/wav,17594228,3a98b83fe1d2acde528ff0dbb81a5ca87d5d92244b1da6deb0dbfad476302198
audio/music/wav/mq0-bgm-wav-009_fc90fcda8b.wav,assets/audio/source/wav/mq0_bgm_wav_009_fc90fcda8b.wav,assets/audio/source/wav,47060512,fc90fcda8b5e6d187c27094d400d980f49387e199545215d01e1f3400d592713
audio/music/wav/mq0-bgm-wav-010_264e9ec36e.wav,assets/audio/source/wav/mq0_bgm_wav_010_264e9ec36e.wav,assets/audio/source/wav,28725236,264e9ec36e8ffc8289d89037172b519455f1a536dc31f3c7d216a7b93e64e751
audio/packages/mq0-audio-package-001_fb19020e10.zip,assets/audio/source/packages/mq0_audio_package_001_fb19020e10.zip,assets/audio/source/packages,97693550,fb19020e106173849a3694487a281e1182b6b1f922ea9921dbd33f123ecd45d2
docs/mq0-doc-001_29337bc961.txt,assets/misc/reference/text/mq0_doc_001_29337bc961.txt,assets/misc/reference/text,339,29337bc96187c63a82ebd7c35e7f0b2d917eedbcc376ddc5f5e05e5122af114e
docs/mq0-doc-002_670f98706b.txt,assets/misc/reference/text/mq0_doc_002_670f98706b.txt,assets/misc/reference/text,482,670f98706b4c79246be0d0a6037b1cd5faa9c7d5c2d7cd4bab720fd8d9ff454d
docs/mq0-doc-003_fe20286650.txt,assets/misc/reference/text/mq0_doc_003_fe20286650.txt,assets/misc/reference/text,460,fe20286650a29d41c307fea220409f88fceb240e87ef5d2729883737d90e615c
docs/mq0-doc-004_466e7ec006.txt,assets/misc/reference/text/mq0_doc_004_466e7ec006.txt,assets/misc/reference/text,494,466e7ec006df73a6ac47c16a3c27f75aa725a1889c2c1d8f72ea5241273a5d4b
docs/mq0-doc-005_d8214c8853.txt,assets/misc/reference/text/mq0_doc_005_d8214c8853.txt,assets/misc/reference/text,488,d8214c885380dae5e2d359d35ddfdb4465d8b66951a5415bb9472a46cc46f675
docs/mq0-doc-006_3f9ef36560.txt,assets/misc/reference/text/mq0_doc_006_3f9ef36560.txt,assets/misc/reference/text,472,3f9ef365603893d130df8aa35710cfe9d9f2077713da542cb079382d624664c6
docs/mq0-doc-007_acf6ff1858.txt,assets/misc/reference/text/mq0_doc_007_acf6ff1858.txt,assets/misc/reference/text,510,acf6ff1858a6221d048eb7da87db47827b330e0d61254e8431b684648a07b80a
docs/mq0-doc-008_69ac31ad0a.txt,assets/misc/reference/text/mq0_doc_008_69ac31ad0a.txt,assets/misc/reference/text,817,69ac31ad0a5d789c4c116b671ed58b09f9965d5004f29241fc6cf8de801ee18c
docs/mq0-doc-009_c29a2339ea.txt,assets/misc/reference/text/mq0_doc_009_c29a2339ea.txt,assets/misc/reference/text,356,c29a2339eadc75ded72288df441f95db944fedd44009168de7f5e2800353a461
images/characters/profiles/mq0-character-profile-001_2d203a08cb.jpeg,assets/characters/reference/profiles/mq0_character_profile_001_2d203a08cb.jpeg,assets/characters/reference/profiles,865093,2d203a08cb1371596e828bce03da8cc42d2fe8638c6c6fa3ab721667a9854f98
images/characters/profiles/mq0-character-profile-004_54302d5e56.jpeg,assets/characters/reference/profiles/mq0_character_profile_004_54302d5e56.jpeg,assets/characters/reference/profiles,1004013,54302d5e5645e4859b769686a8725f752bb4bfbcf58d59c348ad63b9deb628fc
images/characters/profiles/mq0-character-profile-007_9996239f25.jpeg,assets/characters/reference/profiles/mq0_character_profile_007_9996239f25.jpeg,assets/characters/reference/profiles,851346,9996239f2502b2915c76dd149957624a95309c1460d50044cf1214ca7879c9c7
images/characters/profiles/mq0-character-profile-008_38dd714206.png,assets/characters/reference/profiles/mq0_character_profile_008_38dd714206.png,assets/characters/reference/profiles,111067,38dd7142060856601f9dcb0e6e1bff261fdd89cbb450c5a36f53fc6a1c92387e
images/characters/profiles/mq0-character-profile-009_9d3e9acf1e.jpeg,assets/characters/reference/profiles/mq0_character_profile_009_9d3e9acf1e.jpeg,assets/characters/reference/profiles,702172,9d3e9acf1e009d76d2bec62f7825dffb4d51ca2f54ddba2d3ffbfd08b35a7ac0
images/characters/profiles/mq0-character-profile-012_58af3e8764.jpeg,assets/characters/reference/profiles/mq0_character_profile_012_58af3e8764.jpeg,assets/characters/reference/profiles,826394,58af3e87648abf1aaca9e2653c90149de0c994a70c2d05490b14ac2c3b734d5e
images/characters/profiles/mq0-character-profile-015_6cb94945f1.png,assets/characters/reference/profiles/mq0_character_profile_015_6cb94945f1.png,assets/characters/reference/profiles,504877,6cb94945f1fb95d3b9b9e2bf71fbc7b42ccec35d3821caaea14f0db1a5491cb2
images/characters/profiles/mq0-character-profile-016_5463a8fac7.png,assets/characters/reference/profiles/mq0_character_profile_016_5463a8fac7.png,assets/characters/reference/profiles,219119,5463a8fac78f8bea8e5bde715c4eb0912b3efd27dd60b60af537cb31f193abc0
images/characters/profiles/mq0-character-profile-017_a36ef0ca15.png,assets/characters/reference/profiles/mq0_character_profile_017_a36ef0ca15.png,assets/characters/reference/profiles,2402305,a36ef0ca155e1c7a71844b050241c60f494fc260319668f596ca504484ccf851
images/characters/profiles/mq0-character-profile-018_a60cfbd0e6.jpeg,assets/characters/reference/profiles/mq0_character_profile_018_a60cfbd0e6.jpeg,assets/characters/reference/profiles,761242,a60cfbd0e626eff211f0209405cbebe6f330c6b8fbc34094a45a75745afb5410
images/characters/profiles/mq0-character-profile-022_63e73742f2.png,assets/characters/reference/profiles/mq0_character_profile_022_63e73742f2.png,assets/characters/reference/profiles,2358026,63e73742f2253e8097d1f15036cb13acb726a4cfeaba7e915fd0e9498a3bf315
images/characters/profiles/mq0-character-profile-023_223ceb9e2d.png,assets/characters/reference/profiles/mq0_character_profile_023_223ceb9e2d.png,assets/characters/reference/profiles,2410562,223ceb9e2df5b4ef0327d3929a955bfad038c84c36c497c0240e9d2795ca1f15
images/characters/profiles/mq0-character-profile-024_9009005455.jpeg,assets/characters/reference/profiles/mq0_character_profile_024_9009005455.jpeg,assets/characters/reference/profiles,104566,9009005455bea6e9d8bac20e10422406c7547cc246b84c922971c03d51a3e21f
images/characters/profiles/mq0-character-profile-025_8ffc625c9a.png,assets/characters/reference/profiles/mq0_character_profile_025_8ffc625c9a.png,assets/characters/reference/profiles,2864338,8ffc625c9a729450d6a6ce940b328eccde4971623c891ff18e03e15f24ab948a
images/characters/profiles/mq0-character-profile-026_885411edb0.png,assets/characters/reference/profiles/mq0_character_profile_026_885411edb0.png,assets/characters/reference/profiles,3194530,885411edb05693afeb8ed55d56a7f89021e2a96de52f29b38420d70451e3e29d
images/characters/profiles/mq0-character-profile-027_08a06578ed.png,assets/characters/reference/profiles/mq0_character_profile_027_08a06578ed.png,assets/characters/reference/profiles,2519233,08a06578ed26737068831788c66d5c1b9d73663576836c8701c7e3eb9c0ab207
images/characters/profiles/mq0-character-profile-028_a11685fc3c.png,assets/characters/reference/profiles/mq0_character_profile_028_a11685fc3c.png,assets/characters/reference/profiles,2486712,a11685fc3cc2187a5944562563f2a3f6e011ab3761cbfcaafdfbf11e34539269
images/characters/profiles/mq0-character-profile-029_eb7391ae9c.png,assets/characters/reference/profiles/mq0_character_profile_029_eb7391ae9c.png,assets/characters/reference/profiles,3389944,eb7391ae9c23c8b89f1f156b2162bbe1d6bf7e65363b8a512e4909b988ce006f
images/characters/profiles/mq0-character-profile-030_6576793f9a.png,assets/characters/reference/profiles/mq0_character_profile_030_6576793f9a.png,assets/characters/reference/profiles,2644693,6576793f9abeb2f94afe9a9171b375d24be90a7657555d7b31d5c280c20d1673
images/characters/profiles/mq0-character-profile-031_c5178d281a.png,assets/characters/reference/profiles/mq0_character_profile_031_c5178d281a.png,assets/characters/reference/profiles,2670281,c5178d281aafb94295783a5cfa6030d4cac3ffbc99ac8395a9d13351800b587a
images/characters/profiles/mq0-character-profile-032_9abc99fadd.png,assets/characters/reference/profiles/mq0_character_profile_032_9abc99fadd.png,assets/characters/reference/profiles,2622227,9abc99fadde3f034e6784553b34d83ebce2533afb3c1cc2892769f4d5d9eca44
images/characters/profiles/mq0-character-profile-033_6c559bef9d.png,assets/characters/reference/profiles/mq0_character_profile_033_6c559bef9d.png,assets/characters/reference/profiles,2751924,6c559bef9d8c1a85d0508005d70a076fa2de3ee7eaff8a8ae4b5146983962fd2
images/characters/profiles/mq0-character-profile-034_4df6543fa4.png,assets/characters/reference/profiles/mq0_character_profile_034_4df6543fa4.png,assets/characters/reference/profiles,2873913,4df6543fa4ba7ecbeac7685e663a7b7b9abf99d50a5de448beaa013c48b3e6a8
images/characters/profiles/mq0-character-profile-035_75cb51b22a.png,assets/characters/reference/profiles/mq0_character_profile_035_75cb51b22a.png,assets/characters/reference/profiles,2849087,75cb51b22a7edbdf7db791cf357200c995a93fbac6a9a569bcb2b299e6b64fae
images/characters/profiles/mq0-character-profile-036_6ec30ea194.png,assets/characters/reference/profiles/mq0_character_profile_036_6ec30ea194.png,assets/characters/reference/profiles,2457649,6ec30ea19499accc45d20e4425e3768cc240c0e0dfd6ce0d82c937caea441fd5
images/characters/profiles/mq0-character-profile-037_f4bf68f930.png,assets/characters/reference/profiles/mq0_character_profile_037_f4bf68f930.png,assets/characters/reference/profiles,2614587,f4bf68f930c3184a15e70fd7d904c6ef794b86c3c8ebe51134963d7193cce460
images/characters/profiles/mq0-character-profile-039_54c4086b51.png,assets/characters/reference/profiles/mq0_character_profile_039_54c4086b51.png,assets/characters/reference/profiles,2972140,54c4086b5135895984d7dc1ce7a36b3d6907fb37b0dc551b383778bcc0f7ff99
images/characters/profiles/mq0-character-profile-040_04b36584ab.png,assets/characters/reference/profiles/mq0_character_profile_040_04b36584ab.png,assets/characters/reference/profiles,2357174,04b36584ab72befd0856753e20c7417b5a88be0e73d582b904b972154b4aa1a0
images/characters/profiles/mq0-character-profile-041_80d2fb07b9.png,assets/characters/reference/profiles/mq0_character_profile_041_80d2fb07b9.png,assets/characters/reference/profiles,2788939,80d2fb07b9f87d382982972ad9c00eb1ab6822ed41de2934d060e26a9abfabdb
images/characters/profiles/mq0-character-profile-042_f97ca8718a.png,assets/characters/reference/profiles/mq0_character_profile_042_f97ca8718a.png,assets/characters/reference/profiles,2853400,f97ca8718ae714a1e4acd8336846eb59c56461e8a92c0b4fa925a78119b747dc
images/characters/profiles/mq0-character-profile-043_b08f0dcf14.png,assets/characters/reference/profiles/mq0_character_profile_043_b08f0dcf14.png,assets/characters/reference/profiles,2848899,b08f0dcf14388e9050e558d37f36c88fdc37a04859b20c2f9ba7e706b7d90301
images/characters/profiles/mq0-character-profile-044_c519a654be.png,assets/characters/reference/profiles/mq0_character_profile_044_c519a654be.png,assets/characters/reference/profiles,2678899,c519a654be1019bdf42b5ade2dd2243af4d75a9018b9c8d4730a63149bb5ea65
images/characters/sprites/mq0-character-sprite-001_a31fe0ca6c.png,assets/characters/reference/sprites/mq0_character_sprite_001_a31fe0ca6c.png,assets/characters/reference/sprites,1343393,a31fe0ca6c6f124b8aa3363ec8f956e32198bde7157ae5f552ed1ff95a89fdfe
images/characters/sprites/mq0-character-sprite-002_1559681b5c.png,assets/characters/reference/sprites/mq0_character_sprite_002_1559681b5c.png,assets/characters/reference/sprites,1359783,1559681b5c9168bbd30062cfd1fd0b6412d7125c9903862515d5b017d0dfb1a2
images/characters/sprites/mq0-character-sprite-003_60224d7ace.jpeg,assets/characters/reference/sprites/mq0_character_sprite_003_60224d7ace.jpeg,assets/characters/reference/sprites,595847,60224d7acef8767aa0594eebbe667b572fdf71f1617338327b111cf78a94985a
images/characters/sprites/mq0-character-sprite-005_98b9161be2.png,assets/characters/reference/sprites/mq0_character_sprite_005_98b9161be2.png,assets/characters/reference/sprites,1287918,98b9161be2821f1354675d68b30b1e660abfd18535c7095fe34126f6437c6562
images/characters/sprites/mq0-character-sprite-006_1e00803584.png,assets/characters/reference/sprites/mq0_character_sprite_006_1e00803584.png,assets/characters/reference/sprites,1392532,1e00803584992e26d83ed2737997855b802b2c418fa0ed10d616832ad3006cb9
images/characters/sprites/mq0-character-sprite-007_6c198bbbcd.png,assets/characters/reference/sprites/mq0_character_sprite_007_6c198bbbcd.png,assets/characters/reference/sprites,1558850,6c198bbbcd449f7b8e7ea3f0f72163447d280469e91aba0f43b4c5dc6dc63d60
images/characters/sprites/mq0-character-sprite-008_5246fdd1db.png,assets/characters/reference/sprites/mq0_character_sprite_008_5246fdd1db.png,assets/characters/reference/sprites,2459012,5246fdd1db83d3ea410f24b6ff7c16ad2408f6eb3f77d76f12d0c86d8cba2d95
images/characters/sprites/mq0-character-sprite-009_c6506a5970.png,assets/characters/reference/sprites/mq0_character_sprite_009_c6506a5970.png,assets/characters/reference/sprites,1757327,c6506a5970ee7d810debb3d4dcedebeaf9acde6afe50b245a18bf92e6704758c
images/characters/sprites/mq0-character-sprite-010_c17adf97bf.png,assets/characters/reference/sprites/mq0_character_sprite_010_c17adf97bf.png,assets/characters/reference/sprites,1306054,c17adf97bf8b0ea145e5c562e1946045acb146f60552a4aab098402ebb30b937
images/characters/sprites/mq0-character-sprite-011_f77a603347.png,assets/characters/reference/sprites/mq0_character_sprite_011_f77a603347.png,assets/characters/reference/sprites,1861867,f77a60334754d2fbe94638dacbf3205978d2387ee395ae5c4e98543498440664
images/characters/sprites/mq0-character-sprite-014_a1844aa04a.png,assets/characters/reference/sprites/mq0_character_sprite_014_a1844aa04a.png,assets/characters/reference/sprites,740218,a1844aa04a4015efee3f355ab7b5f4c5b172f26d090ff6d6fa5455b11feb5d4f
images/characters/sprites/mq0-character-sprite-015_12c996d469.png,assets/characters/reference/sprites/mq0_character_sprite_015_12c996d469.png,assets/characters/reference/sprites,1126841,12c996d469a4863776e7e07333c924047c2deeb9aea4ba13dde6e4b8eceb40ab
images/characters/sprites/mq0-character-sprite-016_049f5a03cb.png,assets/characters/reference/sprites/mq0_character_sprite_016_049f5a03cb.png,assets/characters/reference/sprites,1578161,049f5a03cb78ee702cf21fa7f51dd74e80034c1625ea0151a82fe6b0e6129f1e
images/characters/sprites/mq0-character-sprite-017_81d89ab2d6.png,assets/characters/reference/sprites/mq0_character_sprite_017_81d89ab2d6.png,assets/characters/reference/sprites,1185393,81d89ab2d61acf38bcabdc04ebc33e12b9079395ff767da595002846398d0895
images/gacha/mq0-gacha-001_f820b252f3.png,assets/ui/reference/gacha/mq0_gacha_001_f820b252f3.png,assets/ui/reference/gacha,2620271,f820b252f3382328e197cff1ca35e0cf4434bbf76f8be486f2962194f5be3089
images/gacha/mq0-gacha-002_44eaa2834f.png,assets/ui/reference/gacha/mq0_gacha_002_44eaa2834f.png,assets/ui/reference/gacha,2510263,44eaa2834f3aed7dde03d4d3c1eb13f1076330c515982d724f1ddfa3ab20f0bb
images/gacha/mq0-gacha-003_3719ea5666.png,assets/ui/reference/gacha/mq0_gacha_003_3719ea5666.png,assets/ui/reference/gacha,1724031,3719ea5666bc57f340e209516f99a8ecb2f653bbd8ba2f214036eda6d9fe4ac5
images/gacha/mq0-gacha-004_03a201d02e.png,assets/ui/reference/gacha/mq0_gacha_004_03a201d02e.png,assets/ui/reference/gacha,2408701,03a201d02e11bb1fd721a9924b1d5ae40dacf6f6121685cb32dbca21706b64ec
images/gacha/mq0-gacha-005_0c06dc5303.png,assets/ui/reference/gacha/mq0_gacha_005_0c06dc5303.png,assets/ui/reference/gacha,2383355,0c06dc5303b36c8af31b38bba4a05f33f3f7f20ae6a1cfe3a1dca49130341822
images/items-skills/cards/mq0-skill-card-001_848bedbf40.jpeg,assets/cards/source/items_skills_cards/mq0_skill_card_001_848bedbf40.jpeg,assets/cards/source/items_skills_cards,348900,848bedbf40622decbb97ac1921e5f016778c3d71567e32b9487b3344e24729b4
images/items-skills/cards/mq0-skill-card-002_6768822812.jpeg,assets/cards/source/items_skills_cards/mq0_skill_card_002_6768822812.jpeg,assets/cards/source/items_skills_cards,499959,67688228120bf17834286d85fff7329d290d95271d9335bf2b5a0e547c9cb7b2
images/items-skills/cards/mq0-skill-card-003_b7da75751a.jpeg,assets/cards/source/items_skills_cards/mq0_skill_card_003_b7da75751a.jpeg,assets/cards/source/items_skills_cards,351034,b7da75751ae62db315583e8a577378bfd157e83553abc0a5730a187e998b987c
images/items-skills/cards/mq0-skill-card-004_f16ac05ce6.jpeg,assets/cards/source/items_skills_cards/mq0_skill_card_004_f16ac05ce6.jpeg,assets/cards/source/items_skills_cards,469316,f16ac05ce6cd245d5fa8fd2836e3641396e15f0271410c53a959a4ffaa2904b9
images/items-skills/cards/mq0-skill-card-005_cbf266385a.jpeg,assets/cards/source/items_skills_cards/mq0_skill_card_005_cbf266385a.jpeg,assets/cards/source/items_skills_cards,321535,cbf266385a386acea433882fc0d545e7f6bc98b46c58ef4161b4bee8b2969ddd
images/items-skills/cards/mq0-skill-card-006_f8b1fa8b93.png,assets/cards/source/items_skills_cards/mq0_skill_card_006_f8b1fa8b93.png,assets/cards/source/items_skills_cards,355279,f8b1fa8b9399aaf9e235f3254e3745febc79ddb567bbec7ad38c09a231638511
images/items-skills/cards/mq0-skill-card-007_e82e51c2c3.jpeg,assets/cards/source/items_skills_cards/mq0_skill_card_007_e82e51c2c3.jpeg,assets/cards/source/items_skills_cards,437395,e82e51c2c3362541ac392c40e40d0cc6f5269d85f6a422af40d1026b5bc45b49
images/items-skills/cards/mq0-skill-card-008_5dceb92327.png,assets/cards/source/items_skills_cards/mq0_skill_card_008_5dceb92327.png,assets/cards/source/items_skills_cards,426988,5dceb9232714cbc2fb058f3395a382e22229d9bc8f416ac6a4d2d5ba61528515
images/items-skills/cards/mq0-skill-card-009_bdb6f67e2c.png,assets/cards/source/items_skills_cards/mq0_skill_card_009_bdb6f67e2c.png,assets/cards/source/items_skills_cards,1017812,bdb6f67e2c9ac0892524cebc124c24f521e66e174e641fe9e3630ecaec65c299
images/items-skills/cards/mq0-skill-card-010_104bad9160.png,assets/cards/source/items_skills_cards/mq0_skill_card_010_104bad9160.png,assets/cards/source/items_skills_cards,390374,104bad91605e45d4225a3c5b7ac243507ae52917616744de6258ed9e230ea85d
images/items-skills/cards/mq0-skill-card-013_39cc3b0fdf.png,assets/cards/source/items_skills_cards/mq0_skill_card_013_39cc3b0fdf.png,assets/cards/source/items_skills_cards,238552,39cc3b0fdf0dbd7e9e381672aa408b5510881cef782c11f9c3b9ddcaf2c4afa3
images/items-skills/cards/mq0-skill-card-014_09e86c062f.png,assets/cards/source/items_skills_cards/mq0_skill_card_014_09e86c062f.png,assets/cards/source/items_skills_cards,295335,09e86c062f8e1b848f53c96709c84687ba5e06de112517338df095ec50fd0a63
images/items-skills/cards/mq0-skill-card-015_3735df9d53.png,assets/cards/source/items_skills_cards/mq0_skill_card_015_3735df9d53.png,assets/cards/source/items_skills_cards,1909141,3735df9d53944c071d6a70d89b11f0dcaeac76070d1016a23f14718cff1e272c
images/items-skills/cards/mq0-skill-card-018_54a5224053.png,assets/cards/source/items_skills_cards/mq0_skill_card_018_54a5224053.png,assets/cards/source/items_skills_cards,375770,54a52240530122ecb42c19141c7bd55c9ff3f77d107680f6774258f6d5f361d7
images/items-skills/cards/mq0-skill-card-019_bfbb83617c.png,assets/cards/source/items_skills_cards/mq0_skill_card_019_bfbb83617c.png,assets/cards/source/items_skills_cards,1892319,bfbb83617c50c42c061164c8336760ae924dca2f54322b7edaed53ddda4e5153
images/items-skills/cards/mq0-skill-card-023_aeacf7fc72.png,assets/cards/source/items_skills_cards/mq0_skill_card_023_aeacf7fc72.png,assets/cards/source/items_skills_cards,379570,aeacf7fc726a70d44173892623b3a8f87216661db3e4daa22ff47ba955c65ccf
images/items-skills/cards/mq0-skill-card-024_6428e68357.png,assets/cards/source/items_skills_cards/mq0_skill_card_024_6428e68357.png,assets/cards/source/items_skills_cards,489306,6428e68357783646e389c954e3ead3784a467e2a24d025ddc542352c0f62e3d1
images/items-skills/cards/mq0-skill-card-025_1a7feb0ef7.png,assets/cards/source/items_skills_cards/mq0_skill_card_025_1a7feb0ef7.png,assets/cards/source/items_skills_cards,422647,1a7feb0ef7922a8fa69aa7b11215d917beb8f2b2dbe0186dbfd651bd99c58d81
images/items-skills/cards/mq0-skill-card-030_4a28e74399.png,assets/cards/source/items_skills_cards/mq0_skill_card_030_4a28e74399.png,assets/cards/source/items_skills_cards,522310,4a28e74399d528dcc88a9a3728c424e752dfce316ef88651a8750d56514b7158
images/items-skills/cards/mq0-skill-card-033_e6707051ce.jpeg,assets/cards/source/items_skills_cards/mq0_skill_card_033_e6707051ce.jpeg,assets/cards/source/items_skills_cards,339709,e6707051ce9d37a8682dc44bc6a8696824c293d0cd0823e6a78481f6a43d0954
images/items-skills/cards/mq0-skill-card-034_7f925d816f.png,assets/cards/source/items_skills_cards/mq0_skill_card_034_7f925d816f.png,assets/cards/source/items_skills_cards,2316808,7f925d816f316510ce37100cf312f049494b9fa430d6e1c4eb83531d5412a09e
images/items-skills/cards/mq0-skill-card-036_af2ad0183d.jpeg,assets/cards/source/items_skills_cards/mq0_skill_card_036_af2ad0183d.jpeg,assets/cards/source/items_skills_cards,31852,af2ad0183d6e501671b77d9c18fc48e02259acfa3de7dd769df39531f73ac0fd
images/items-skills/cards/mq0-skill-card-042_0020a50500.png,assets/cards/source/items_skills_cards/mq0_skill_card_042_0020a50500.png,assets/cards/source/items_skills_cards,1932031,0020a505000bbffdafcd3fb1dce45cbcad87bdba50a4bd64df7e0f9a68b0cdec
images/items-skills/cards/mq0-skill-card-043_019bfe82f7.png,assets/cards/source/items_skills_cards/mq0_skill_card_043_019bfe82f7.png,assets/cards/source/items_skills_cards,1689942,019bfe82f76a830c03e6c640aba769a0938f7e95b89f1d7b8cd18be816e66891
images/items-skills/cards/mq0-skill-card-044_39f4e072b8.png,assets/cards/source/items_skills_cards/mq0_skill_card_044_39f4e072b8.png,assets/cards/source/items_skills_cards,1767759,39f4e072b874dee0de829cc1ae734ab3cb6fabf7579740eea89b093fd206e506
images/items-skills/cards/mq0-skill-card-045_b3a1eba882.png,assets/cards/source/items_skills_cards/mq0_skill_card_045_b3a1eba882.png,assets/cards/source/items_skills_cards,1710062,b3a1eba88292eb67ddc9413d2af91f77c7062e3d9ee0b2725555bdc1690db989
images/items-skills/cards/mq0-skill-card-046_c83956a3e2.png,assets/cards/source/items_skills_cards/mq0_skill_card_046_c83956a3e2.png,assets/cards/source/items_skills_cards,1825553,c83956a3e2425fcea35efe979bb1e91bb7ae62471bd8e14fb1d846b73a375530
images/items-skills/cards/mq0-skill-card-048_119b12b105.png,assets/cards/source/items_skills_cards/mq0_skill_card_048_119b12b105.png,assets/cards/source/items_skills_cards,1231514,119b12b1059a3fabee24de6f79b563f2d57790f325668f929519be61b486650d
images/items-skills/cards/mq0-skill-card-049_03bc0d0a0d.png,assets/cards/source/items_skills_cards/mq0_skill_card_049_03bc0d0a0d.png,assets/cards/source/items_skills_cards,1148788,03bc0d0a0d2307ef88b22815edbc7c3aea056045ed71eb02e629098647343c29
images/items-skills/cards/mq0-skill-card-050_ee0c93bf76.png,assets/cards/source/items_skills_cards/mq0_skill_card_050_ee0c93bf76.png,assets/cards/source/items_skills_cards,1422759,ee0c93bf76e4da7bfc5e377dea25363599c55d051c00ab2d5aad8a6d57ac80ff
images/items-skills/cards/mq0-skill-card-051_22b8f49985.png,assets/cards/source/items_skills_cards/mq0_skill_card_051_22b8f49985.png,assets/cards/source/items_skills_cards,1480932,22b8f49985714dac48b4a6f8aeda5c1fb20d00c2c8a390c13015dc4076c1fb6a
images/items-skills/cards/mq0-skill-card-052_9ac08d3fcd.png,assets/cards/source/items_skills_cards/mq0_skill_card_052_9ac08d3fcd.png,assets/cards/source/items_skills_cards,1357081,9ac08d3fcd1f8785917b0e862794bf47ce8bf34b95247382c1a9af6924afb9ab
images/items-skills/cards/mq0-skill-card-053_17bd4e4c3a.png,assets/cards/source/items_skills_cards/mq0_skill_card_053_17bd4e4c3a.png,assets/cards/source/items_skills_cards,1244865,17bd4e4c3a2d0392d0ffd4e7d39ce84db235084aaf95f8472ba36b0e91bcb7e5
images/items-skills/cards/mq0-skill-card-054_9e2b2cfc6c.png,assets/cards/source/items_skills_cards/mq0_skill_card_054_9e2b2cfc6c.png,assets/cards/source/items_skills_cards,1460149,9e2b2cfc6c16a0b77f7beafddfe31021162290d7ad867f97754894eb7d6e3460
images/items-skills/cards/mq0-skill-card-055_ad81b53a79.png,assets/cards/source/items_skills_cards/mq0_skill_card_055_ad81b53a79.png,assets/cards/source/items_skills_cards,3152549,ad81b53a798c89e0a65fb575b543fa278e6a4839ed01aca2c399a42108df6a86
images/maps/battle-backgrounds/mq0-battle-bg-001_139d7c5daa.jpeg,assets/battle/backgrounds/reference/mq0_battle_bg_001_139d7c5daa.jpeg,assets/battle/backgrounds/reference,796016,139d7c5daa96a7412322a6fbfb2116aab40069660c5b92b3cfc38b8d8ccbfbfd
images/maps/battle-backgrounds/mq0-battle-bg-002_fe99948689.jpeg,assets/battle/backgrounds/reference/mq0_battle_bg_002_fe99948689.jpeg,assets/battle/backgrounds/reference,629430,fe999486896dc0ca3f319ff44a9e840d9be1d0d3f6c51377edf089f1f0f46491
images/maps/battle-backgrounds/mq0-battle-bg-004_830d2d7721.png,assets/battle/backgrounds/reference/mq0_battle_bg_004_830d2d7721.png,assets/battle/backgrounds/reference,1720913,830d2d7721e341aa222dab0aaaeb455c33bd208bf0bae1db0dc4b758e9388c12
images/maps/battle-backgrounds/mq0-battle-bg-005_7b56e087e9.jpeg,assets/battle/backgrounds/reference/mq0_battle_bg_005_7b56e087e9.jpeg,assets/battle/backgrounds/reference,624643,7b56e087e967ec47ca8606e3681c7c6f27e57b3576845b7ed997447964c82e28
images/maps/battle-backgrounds/mq0-battle-bg-006_7367c1d1a3.png,assets/battle/backgrounds/reference/mq0_battle_bg_006_7367c1d1a3.png,assets/battle/backgrounds/reference,3308590,7367c1d1a347f175cfb061b7625b8a495a6647be6348b736f70443bc2e3d5448
images/maps/battle-backgrounds/mq0-battle-bg-007_8067c613c0.png,assets/battle/backgrounds/reference/mq0_battle_bg_007_8067c613c0.png,assets/battle/backgrounds/reference,2335728,8067c613c022675d1cbbeded9f05f2b6be2db93db47897821ca02fc41b9a6d1e
images/maps/battle-backgrounds/mq0-battle-bg-008_c44a414baf.png,assets/battle/backgrounds/reference/mq0_battle_bg_008_c44a414baf.png,assets/battle/backgrounds/reference,2555174,c44a414baf5da92caea4f4b36c5ec84e7a7ae2b8bdbb8124b595447de5611f32
images/maps/battle-backgrounds/mq0-battle-bg-009_9264defc52.png,assets/battle/backgrounds/reference/mq0_battle_bg_009_9264defc52.png,assets/battle/backgrounds/reference,2719957,9264defc526d3c6098ea484cdb1094cfa4cd835e51bdf2a72b18ce12614b3734
images/maps/battle-backgrounds/mq0-battle-bg-010_7e7023cc76.png,assets/battle/backgrounds/reference/mq0_battle_bg_010_7e7023cc76.png,assets/battle/backgrounds/reference,2772852,7e7023cc765570e6ae01c1a8c48c94be0386a861e02f943d3753fc20da09e2a0
images/maps/battle-backgrounds/mq0-battle-bg-011_c102b9755f.png,assets/battle/backgrounds/reference/mq0_battle_bg_011_c102b9755f.png,assets/battle/backgrounds/reference,2716586,c102b9755f3371c474da17f472bbe5b4069624d32b986899ba9cf7d51a73d2eb
images/maps/battle-backgrounds/mq0-battle-bg-012_8e4b5c0ecb.png,assets/battle/backgrounds/reference/mq0_battle_bg_012_8e4b5c0ecb.png,assets/battle/backgrounds/reference,3159994,8e4b5c0ecb54d501e02b7e66aa9ed67381591cd3bb6aad3b8c0d57cb86931feb
images/maps/battle-backgrounds/mq0-battle-bg-013_5ecb71635c.png,assets/battle/backgrounds/reference/mq0_battle_bg_013_5ecb71635c.png,assets/battle/backgrounds/reference,3253677,5ecb71635c981ba22dc6e37e68730333e6d3ab0a4e2aed808e8adada2d6813b4
images/maps/battle-backgrounds/mq0-battle-bg-014_d5fb28e2de.png,assets/battle/backgrounds/reference/mq0_battle_bg_014_d5fb28e2de.png,assets/battle/backgrounds/reference,3017197,d5fb28e2deb5f05b37672d3a5abf4987835a4a8c24c63cae69439d1cb3378f23
images/maps/dungeons/mq0-dungeon-map-001_e6bb003ba0.png,assets/maps/reference/dungeons/mq0_dungeon_map_001_e6bb003ba0.png,assets/maps/reference/dungeons,2487806,e6bb003ba069d36f53564b27f51a81f5e2a3173361c6050392a7b785a499f78d
images/maps/dungeons/mq0-dungeon-map-002_a10880bc4a.jpeg,assets/maps/reference/dungeons/mq0_dungeon_map_002_a10880bc4a.jpeg,assets/maps/reference/dungeons,906093,a10880bc4a09d74d646b1b3a23cd64346715d2155ff7d1c213202722d84a1a66
images/maps/dungeons/mq0-dungeon-map-003_2062ab4302.jpeg,assets/maps/reference/dungeons/mq0_dungeon_map_003_2062ab4302.jpeg,assets/maps/reference/dungeons,930385,2062ab43027921478f4175dbca655e38e72c4d6654107de90b1826d81577f7cc
images/maps/dungeons/mq0-dungeon-map-004_989fac49e0.jpeg,assets/maps/reference/dungeons/mq0_dungeon_map_004_989fac49e0.jpeg,assets/maps/reference/dungeons,733743,989fac49e073d0a6436df988e389315023617bf34fa93a99b69b20e0831c6a95
images/maps/dungeons/mq0-dungeon-map-005_d91c77fbbb.png,assets/maps/reference/dungeons/mq0_dungeon_map_005_d91c77fbbb.png,assets/maps/reference/dungeons,2850481,d91c77fbbb678b8208534006fe98452c52c8aa9b52ac4b8dee84119c159ee37d
images/maps/dungeons/mq0-dungeon-map-006_248bdd04a6.png,assets/maps/reference/dungeons/mq0_dungeon_map_006_248bdd04a6.png,assets/maps/reference/dungeons,3420411,248bdd04a65f141171b9ad2603844b33384af0bceaa565fe10b63529d2daca09
images/maps/dungeons/mq0-dungeon-map-007_7b67f4d679.png,assets/maps/reference/dungeons/mq0_dungeon_map_007_7b67f4d679.png,assets/maps/reference/dungeons,2630067,7b67f4d67940e3a3bd458db7694da80dab7cba4eaccb322e8a2a9138a7db710b
images/maps/dungeons/mq0-dungeon-map-008_f4e956b071.png,assets/maps/reference/dungeons/mq0_dungeon_map_008_f4e956b071.png,assets/maps/reference/dungeons,3503226,f4e956b071f946e0af4a0dc26953f815b2ebe52692e73aa61a890e5e1099b572
images/maps/dungeons/mq0-dungeon-map-009_18b0af6e5e.png,assets/maps/reference/dungeons/mq0_dungeon_map_009_18b0af6e5e.png,assets/maps/reference/dungeons,2777705,18b0af6e5e7071ab58fd16f83971183b792fb15ab64e6bfc9c66437ec789a43d
images/maps/dungeons/mq0-dungeon-map-010_f835688d35.png,assets/maps/reference/dungeons/mq0_dungeon_map_010_f835688d35.png,assets/maps/reference/dungeons,3305538,f835688d35dc42c171c5fae73516912988ea50c7f601c17d654bb4b59235876b
images/maps/dungeons/mq0-dungeon-map-011_1f20cee719.png,assets/maps/reference/dungeons/mq0_dungeon_map_011_1f20cee719.png,assets/maps/reference/dungeons,3454386,1f20cee719cc5d7b2ba7e0b872f8b033063264bd41ba97528b29a2cd1bee25c0
images/maps/dungeons/mq0-dungeon-map-012_c152a45f9a.png,assets/maps/reference/dungeons/mq0_dungeon_map_012_c152a45f9a.png,assets/maps/reference/dungeons,1292304,c152a45f9a44c819f897bf4974d82da8da06845416e46274662b2023d020967e
images/maps/dungeons/mq0-dungeon-map-013_0efc629ed8.png,assets/maps/reference/dungeons/mq0_dungeon_map_013_0efc629ed8.png,assets/maps/reference/dungeons,3589639,0efc629ed88baef93bdce9b287e3b36f6844ff07cbc13531e7cc3ef9815452fa
images/maps/dungeons/mq0-dungeon-map-014_f12c0db177.png,assets/maps/reference/dungeons/mq0_dungeon_map_014_f12c0db177.png,assets/maps/reference/dungeons,3444766,f12c0db177eb19a23999e624f98b56064ab2aabe53158c1fe9005ee2099fa092
images/maps/dungeons/mq0-dungeon-map-015_ccefcfa280.png,assets/maps/reference/dungeons/mq0_dungeon_map_015_ccefcfa280.png,assets/maps/reference/dungeons,2814740,ccefcfa28088368545323fd48ab874ad475cf4ec482dd34cec001f7ca52b7952
images/maps/dungeons/mq0-dungeon-map-016_45662e6ed6.png,assets/maps/reference/dungeons/mq0_dungeon_map_016_45662e6ed6.png,assets/maps/reference/dungeons,2798504,45662e6ed69f090dda6b0fbb8daa77ba2ce689e7f22595d8207e40d4abc61014
images/maps/dungeons/mq0-dungeon-map-017_810a004441.png,assets/maps/reference/dungeons/mq0_dungeon_map_017_810a004441.png,assets/maps/reference/dungeons,2994392,810a0044415a529d073d4209bf7b48ad557973b58ac09fcf1e5c91b907c3f5b0
images/maps/dungeons/mq0-dungeon-map-018_e763f9a724.png,assets/maps/reference/dungeons/mq0_dungeon_map_018_e763f9a724.png,assets/maps/reference/dungeons,3153525,e763f9a7240fbf195745d79ad6c254b36270147a76604ca190c15a7dfd7c0ac8
images/maps/dungeons/mq0-dungeon-map-019_2c67b892d3.png,assets/maps/reference/dungeons/mq0_dungeon_map_019_2c67b892d3.png,assets/maps/reference/dungeons,3196407,2c67b892d3efc9d3499523fb1d16a7309608bba4fc81c1deae56219eb2b5244a
images/maps/dungeons/mq0-dungeon-map-020_66faba5c3b.png,assets/maps/reference/dungeons/mq0_dungeon_map_020_66faba5c3b.png,assets/maps/reference/dungeons,3395761,66faba5c3be27b525bfeb9757e65aa2f7caceaa15fb5af2e240c3340abc863e1
images/maps/dungeons/mq0-dungeon-map-021_4fe5c99301.png,assets/maps/reference/dungeons/mq0_dungeon_map_021_4fe5c99301.png,assets/maps/reference/dungeons,3168351,4fe5c993013940a9eefa873fdac2053d8724482198428b7ca687b43c734a63dc
images/maps/dungeons/mq0-dungeon-map-022_574efd198f.png,assets/maps/reference/dungeons/mq0_dungeon_map_022_574efd198f.png,assets/maps/reference/dungeons,2622644,574efd198fc596e44d210da4e5bd12eb0c61b2b1ed89adeca8418368712848b2
images/maps/dungeons/mq0-dungeon-map-023_b6faf8af17.png,assets/maps/reference/dungeons/mq0_dungeon_map_023_b6faf8af17.png,assets/maps/reference/dungeons,2590750,b6faf8af17f17977ac4aa3c4c6beab0e1048ce56b88b98be283d9fc8e1ca8f03
images/maps/dungeons/mq0-dungeon-map-024_6145ebfbaa.png,assets/maps/reference/dungeons/mq0_dungeon_map_024_6145ebfbaa.png,assets/maps/reference/dungeons,2736837,6145ebfbaa180c606948b7a584f197ad085c8e152b1fa8797c3ddc33292df157
images/maps/dungeons/mq0-dungeon-map-025_4ac709206e.png,assets/maps/reference/dungeons/mq0_dungeon_map_025_4ac709206e.png,assets/maps/reference/dungeons,2676475,4ac709206ed621fabd842ec492e1486156325224f6f27b3b6fe92c53c5d37ec1
images/maps/dungeons/mq0-dungeon-map-026_f97afa9198.png,assets/maps/reference/dungeons/mq0_dungeon_map_026_f97afa9198.png,assets/maps/reference/dungeons,3861376,f97afa919847f6dd6a5f8261bea0e8d3fda6bd0f7e75f9c6a9428560de7f8283
images/maps/dungeons/mq0-dungeon-map-027_7153a4c8da.png,assets/maps/reference/dungeons/mq0_dungeon_map_027_7153a4c8da.png,assets/maps/reference/dungeons,3451855,7153a4c8dadbb4d000c2df60d901a2f3768c2b7d7ee4a1836a1e2e16fb8d7466
images/maps/dungeons/mq0-dungeon-map-028_aa1fda3aab.png,assets/maps/reference/dungeons/mq0_dungeon_map_028_aa1fda3aab.png,assets/maps/reference/dungeons,2844630,aa1fda3aabb42473958448a80afa35599af76535e23762cfbc69710cb8fe38f0
images/maps/dungeons/mq0-dungeon-map-029_2c450dc595.png,assets/maps/reference/dungeons/mq0_dungeon_map_029_2c450dc595.png,assets/maps/reference/dungeons,2538752,2c450dc595a32acae29a11ea94648922927877d79fd3548dce3fcff5033dcf21
images/maps/dungeons/mq0-dungeon-map-030_a92ee7f251.png,assets/maps/reference/dungeons/mq0_dungeon_map_030_a92ee7f251.png,assets/maps/reference/dungeons,2811894,a92ee7f25128580a3421e5e85664cb797b76b3df0066168cb56af388ee06bc31
images/maps/dungeons/mq0-dungeon-map-031_d21409ba3f.png,assets/maps/reference/dungeons/mq0_dungeon_map_031_d21409ba3f.png,assets/maps/reference/dungeons,2550977,d21409ba3f6a392f54bd71ef1c66ac503abaeec90e74f91f547c551cc0981a6e
images/maps/dungeons/mq0-dungeon-map-032_fd19ddaa4d.png,assets/maps/reference/dungeons/mq0_dungeon_map_032_fd19ddaa4d.png,assets/maps/reference/dungeons,2477258,fd19ddaa4ddd6a7663d03a77c85e1537965bc59f2e5a520605f9f73d84db6748
images/maps/dungeons/mq0-dungeon-map-033_eb540e4481.png,assets/maps/reference/dungeons/mq0_dungeon_map_033_eb540e4481.png,assets/maps/reference/dungeons,2332103,eb540e44813bdd89895650c81aed45681fe736ee0d12f73bf3d6521f79bf37b3
images/maps/dungeons/mq0-dungeon-map-034_5b529a535a.png,assets/maps/reference/dungeons/mq0_dungeon_map_034_5b529a535a.png,assets/maps/reference/dungeons,2118482,5b529a535a7b423ecb26dadfdd6b333b1e15524bd04a8688d2d59ab64db4b36e
images/maps/dungeons/mq0-dungeon-map-035_d2de8ef705.png,assets/maps/reference/dungeons/mq0_dungeon_map_035_d2de8ef705.png,assets/maps/reference/dungeons,2821904,d2de8ef7056c2de26471d65fd2df2e2375019435707c448f0ad6e5e757bc1996
images/maps/dungeons/mq0-dungeon-map-036_231874df88.png,assets/maps/reference/dungeons/mq0_dungeon_map_036_231874df88.png,assets/maps/reference/dungeons,2581326,231874df88ad10bcfa02b086d5065f040d7c8cf56485b4d009c03bb0d6f1349b
images/maps/dungeons/mq0-dungeon-map-037_d1fcb71517.png,assets/maps/reference/dungeons/mq0_dungeon_map_037_d1fcb71517.png,assets/maps/reference/dungeons,3825495,d1fcb7151730c4bc9b01cc1812a6beafbe34d0510ce1587934bd1fded5d3240b
images/maps/dungeons/mq0-dungeon-map-038_a2cd965fa4.png,assets/maps/reference/dungeons/mq0_dungeon_map_038_a2cd965fa4.png,assets/maps/reference/dungeons,2232207,a2cd965fa47730a7da768aea4c1aecd9c47e97fc110da347ba995b9e71dfe0ed
images/maps/dungeons/mq0-dungeon-map-039_a530f6d594.png,assets/maps/reference/dungeons/mq0_dungeon_map_039_a530f6d594.png,assets/maps/reference/dungeons,3972387,a530f6d5949e360426514e62d3273c4b836628b36b079f48b6afc51dd6228384
images/maps/dungeons/mq0-dungeon-map-040_5733c09d97.png,assets/maps/reference/dungeons/mq0_dungeon_map_040_5733c09d97.png,assets/maps/reference/dungeons,2710799,5733c09d97228e005606cf962c1a8522b021cab359c902f546b378d2887c3e8d
images/maps/dungeons/mq0-dungeon-map-041_f8968ab8ef.png,assets/maps/reference/dungeons/mq0_dungeon_map_041_f8968ab8ef.png,assets/maps/reference/dungeons,2801276,f8968ab8efa370511f952dd660dd131bc6f63dd04a52046f126e6d23fca69571
images/maps/dungeons/mq0-dungeon-map-042_34c913e1e3.png,assets/maps/reference/dungeons/mq0_dungeon_map_042_34c913e1e3.png,assets/maps/reference/dungeons,1934167,34c913e1e358c38e5e34a4ae0a70e061e931562f36becbaa3550c75dde56f965
images/maps/dungeons/mq0-dungeon-map-043_ec7088c8d3.png,assets/maps/reference/dungeons/mq0_dungeon_map_043_ec7088c8d3.png,assets/maps/reference/dungeons,2748105,ec7088c8d3e43d785c280919a1e6df0dd6df228650e65c01afe770e47d40bedf
images/maps/dungeons/mq0-dungeon-map-044_9c782483c2.png,assets/maps/reference/dungeons/mq0_dungeon_map_044_9c782483c2.png,assets/maps/reference/dungeons,2689585,9c782483c229d855763f388c3c41175c4ebd3265405ffcb7d7d62d079be6aeeb
images/maps/dungeons/mq0-dungeon-map-045_0feb0ed5f0.png,assets/maps/reference/dungeons/mq0_dungeon_map_045_0feb0ed5f0.png,assets/maps/reference/dungeons,2296221,0feb0ed5f027da569e2978ce1becb34b67c8cc061c54d3f5923769df1354b7e5
images/maps/dungeons/mq0-dungeon-map-046_4fc53f79e6.png,assets/maps/reference/dungeons/mq0_dungeon_map_046_4fc53f79e6.png,assets/maps/reference/dungeons,2506140,4fc53f79e6f91fe53f13f71b7364cd7b18a561903df9e496b5dd11b9edf06c85
images/maps/dungeons/mq0-dungeon-map-047_80bcd39ac6.png,assets/maps/reference/dungeons/mq0_dungeon_map_047_80bcd39ac6.png,assets/maps/reference/dungeons,2796570,80bcd39ac60a9526a3e73b4c6279c5c3bf37b10ef8a571e510316332082a9214
images/maps/dungeons/mq0-dungeon-map-048_c5df2b20ab.png,assets/maps/reference/dungeons/mq0_dungeon_map_048_c5df2b20ab.png,assets/maps/reference/dungeons,2564853,c5df2b20ab4fa264632d1213057a9bb7fc85b799eb18ab65172f7342699f9862
images/maps/dungeons/mq0-dungeon-map-049_c3a01f8b91.png,assets/maps/reference/dungeons/mq0_dungeon_map_049_c3a01f8b91.png,assets/maps/reference/dungeons,2972852,c3a01f8b91fb4d97e3723bfd8ea86e27ea922b5133a9772adc482676a0a4e822
images/maps/dungeons/mq0-dungeon-map-050_2e37acd368.png,assets/maps/reference/dungeons/mq0_dungeon_map_050_2e37acd368.png,assets/maps/reference/dungeons,3353115,2e37acd3682710325c1027144831a5e8f814a36d1cc272e0007667da3e29e424
images/maps/dungeons/mq0-dungeon-map-051_6f3ccf55c1.png,assets/maps/reference/dungeons/mq0_dungeon_map_051_6f3ccf55c1.png,assets/maps/reference/dungeons,3288741,6f3ccf55c1818ff3403fc64745f06d0c61aebd5b59318b01e5db065c0da75aaf
images/maps/dungeons/mq0-dungeon-map-052_dbdacacf79.png,assets/maps/reference/dungeons/mq0_dungeon_map_052_dbdacacf79.png,assets/maps/reference/dungeons,3169294,dbdacacf79e4531959f9bcb1721798780ab0544d60a6fe79f3858040462eca69
images/maps/dungeons/mq0-dungeon-map-053_162c6387f0.png,assets/maps/reference/dungeons/mq0_dungeon_map_053_162c6387f0.png,assets/maps/reference/dungeons,3829864,162c6387f009a6b02a0607ac1eb934afda4e342449ae8c57042f8400554f6827
images/maps/dungeons/mq0-dungeon-map-054_7876846b8b.png,assets/maps/reference/dungeons/mq0_dungeon_map_054_7876846b8b.png,assets/maps/reference/dungeons,3317879,7876846b8b7f6103d4c21273904553895a1c2c4338d0f530c266f0463a97a10a
images/maps/dungeons/mq0-dungeon-map-055_249e0d8bec.png,assets/maps/reference/dungeons/mq0_dungeon_map_055_249e0d8bec.png,assets/maps/reference/dungeons,2598773,249e0d8beccd0377600a6ce7cd5eb47b322e8eb909e9a8a5bc2940cd617375b8
images/maps/interiors-tilesets/mq0-interior-tileset-001_d87c592268.png,assets/maps/reference/interiors_tilesets/mq0_interior_tileset_001_d87c592268.png,assets/maps/reference/interiors_tilesets,2393343,d87c5922682b7ad8aa4f5bab0c6e11bb6ea570edb1bd55135034848f84804a57
images/maps/interiors-tilesets/mq0-interior-tileset-002_a698970518.png,assets/maps/reference/interiors_tilesets/mq0_interior_tileset_002_a698970518.png,assets/maps/reference/interiors_tilesets,2125205,a698970518fc766ff68f5c02529dad0ca317645764ab163730d7467d007650f5
images/maps/interiors-tilesets/mq0-interior-tileset-003_cf5aa95f28.png,assets/maps/reference/interiors_tilesets/mq0_interior_tileset_003_cf5aa95f28.png,assets/maps/reference/interiors_tilesets,2938918,cf5aa95f284a3b217364b2cb55a485b177e9e89f60641dbc354e367470e7ca83
images/maps/interiors-tilesets/mq0-interior-tileset-004_0988d7abe0.png,assets/maps/reference/interiors_tilesets/mq0_interior_tileset_004_0988d7abe0.png,assets/maps/reference/interiors_tilesets,2921032,0988d7abe01f263228d3923a215323e35286f7bef2c9842dab066ca1381b57b4
images/maps/interiors-tilesets/mq0-interior-tileset-005_c522c6569b.png,assets/maps/reference/interiors_tilesets/mq0_interior_tileset_005_c522c6569b.png,assets/maps/reference/interiors_tilesets,2532861,c522c6569bcf743120367bef539962e92a2068b8e3aef3e44d4eb2c92db95f0b
images/maps/interiors-tilesets/mq0-interior-tileset-006_edc72d74ec.png,assets/maps/reference/interiors_tilesets/mq0_interior_tileset_006_edc72d74ec.png,assets/maps/reference/interiors_tilesets,2377619,edc72d74ec5852e349dbafedc477053dfb1244285bf11cb7e7ab0ffcdb46c5be
images/maps/interiors-tilesets/mq0-interior-tileset-007_f01430ac05.png,assets/maps/reference/interiors_tilesets/mq0_interior_tileset_007_f01430ac05.png,assets/maps/reference/interiors_tilesets,2204931,f01430ac05904f2b56faa9065f5aae99b5898bb21c1540a005cad926c3f948fd
images/maps/interiors-tilesets/mq0-interior-tileset-008_f505332d69.png,assets/maps/reference/interiors_tilesets/mq0_interior_tileset_008_f505332d69.png,assets/maps/reference/interiors_tilesets,2323314,f505332d69a90910c25231aef9ade1e042eebea4398a92a0f82a16b397ae536c
images/maps/interiors-tilesets/mq0-interior-tileset-009_6f1976727b.png,assets/maps/reference/interiors_tilesets/mq0_interior_tileset_009_6f1976727b.png,assets/maps/reference/interiors_tilesets,2676344,6f1976727b92b540a1ec371e8307a37fa0097ee345a47c04ec2076b937ac3e48
images/maps/interiors-tilesets/mq0-interior-tileset-010_942d62f2aa.png,assets/maps/reference/interiors_tilesets/mq0_interior_tileset_010_942d62f2aa.png,assets/maps/reference/interiors_tilesets,2894013,942d62f2aa037ca66a2e291fe0553c2dc3d446ce904adb53653829e677b2979b
images/maps/interiors-tilesets/mq0-interior-tileset-011_6400b8f566.png,assets/maps/reference/interiors_tilesets/mq0_interior_tileset_011_6400b8f566.png,assets/maps/reference/interiors_tilesets,2555938,6400b8f5661154a6ec46179c39c1ba8dcc68b806562ee397334b26bf5329b5ae
images/maps/interiors-tilesets/mq0-interior-tileset-012_aa3696168a.png,assets/maps/reference/interiors_tilesets/mq0_interior_tileset_012_aa3696168a.png,assets/maps/reference/interiors_tilesets,2292960,aa3696168aaaf026156c2a021d067e73bc7f729865886415d4cc34305652a781
images/maps/interiors-tilesets/mq0-interior-tileset-013_fda5c77f17.png,assets/maps/reference/interiors_tilesets/mq0_interior_tileset_013_fda5c77f17.png,assets/maps/reference/interiors_tilesets,2206543,fda5c77f17eff046e3fdb9486e1a7efe2cdb7a73d4a9ad08f53d61cc39cbfa48
images/maps/interiors-tilesets/mq0-interior-tileset-014_94f78e6efe.png,assets/maps/reference/interiors_tilesets/mq0_interior_tileset_014_94f78e6efe.png,assets/maps/reference/interiors_tilesets,2694626,94f78e6efe778fb97f027638fb742b14e84c23e4006f93e7e4e4448e4effda6c
images/maps/interiors-tilesets/mq0-interior-tileset-015_58bafcfa7e.png,assets/maps/reference/interiors_tilesets/mq0_interior_tileset_015_58bafcfa7e.png,assets/maps/reference/interiors_tilesets,2316257,58bafcfa7ed62941c0ab129110c203b9ab3f9726e8ed8f6b5f7bb91457cf065c
images/maps/towns/mq0-town-map-001_42c2b3c5d3.png,assets/maps/reference/towns/mq0_town_map_001_42c2b3c5d3.png,assets/maps/reference/towns,3398471,42c2b3c5d3293e57fb3bc01ca0a1f5d343e148d0ab47a88a2119904abb1a1e1f
images/maps/towns/mq0-town-map-002_f947d02f1b.jpeg,assets/maps/reference/towns/mq0_town_map_002_f947d02f1b.jpeg,assets/maps/reference/towns,1013038,f947d02f1bb64fd16ff8004123115df5e408a77d02cb9facaf8e1caf60e38e11
images/maps/towns/mq0-town-map-003_54770c0859.png,assets/maps/reference/towns/mq0_town_map_003_54770c0859.png,assets/maps/reference/towns,3945247,54770c0859862254ecf8352074de7112a184af3f8f4318971ad9485733203664
images/maps/towns/mq0-town-map-004_b5d976a32f.png,assets/maps/reference/towns/mq0_town_map_004_b5d976a32f.png,assets/maps/reference/towns,3590960,b5d976a32f1d7a3145153e8fc3926fc9bce897118031e01bed1668f5a301c180
images/maps/towns/mq0-town-map-005_ac39db2fc8.jpeg,assets/maps/reference/towns/mq0_town_map_005_ac39db2fc8.jpeg,assets/maps/reference/towns,1017555,ac39db2fc86e31050477726d45c5acf4c185cd9b9d5005629f8c0e42322f00ab
images/maps/towns/mq0-town-map-006_9b5663fa5c.png,assets/maps/reference/towns/mq0_town_map_006_9b5663fa5c.png,assets/maps/reference/towns,3224842,9b5663fa5cc6c5a1317aebabe415ef4be4373bb4c25163363a7702e579e46e3f
images/maps/towns/mq0-town-map-007_d4e7f8a188.jpeg,assets/maps/reference/towns/mq0_town_map_007_d4e7f8a188.jpeg,assets/maps/reference/towns,1019101,d4e7f8a1882ce3b42c8bc97b51f070afcade2e4046ac41de3faedac01be74bea
images/maps/towns/mq0-town-map-008_73f49c252a.png,assets/maps/reference/towns/mq0_town_map_008_73f49c252a.png,assets/maps/reference/towns,2095846,73f49c252aa541712232c74dca74aa820e3801d8f576a7dce62f67a8151ac04d
images/maps/towns/mq0-town-map-009_8447887dab.png,assets/maps/reference/towns/mq0_town_map_009_8447887dab.png,assets/maps/reference/towns,2022603,8447887dab05ef64d5819fa0fab7caf930a0d05f3b8c2ab82e10d5e886498509
images/maps/towns/mq0-town-map-010_7fcd154b8c.png,assets/maps/reference/towns/mq0_town_map_010_7fcd154b8c.png,assets/maps/reference/towns,3414574,7fcd154b8c92f44047db5bf8a887ac901225f4ea15474130beb62b418e31d05a
images/maps/towns/mq0-town-map-011_7cc70fa605.png,assets/maps/reference/towns/mq0_town_map_011_7cc70fa605.png,assets/maps/reference/towns,3458217,7cc70fa605987727223df283b568c5ea50b68ea80fa264711724ef2908144247
images/maps/towns/mq0-town-map-012_8218ea8d71.png,assets/maps/reference/towns/mq0_town_map_012_8218ea8d71.png,assets/maps/reference/towns,3265941,8218ea8d718a32b61f56740e5311d331b2ddf05e35ec129ca0b9a39f5bad5070
images/maps/towns/mq0-town-map-013_a136156713.png,assets/maps/reference/towns/mq0_town_map_013_a136156713.png,assets/maps/reference/towns,3360907,a136156713ea98a881dd99bb088ff4bbf2c06aa522a5df9a6bebb59bc8066c0a
images/maps/towns/mq0-town-map-014_7b6a55f1d7.png,assets/maps/reference/towns/mq0_town_map_014_7b6a55f1d7.png,assets/maps/reference/towns,3517228,7b6a55f1d74a0750fb71d22270b37c59553e71b279ac1dd1f27c051fb9d92b7c
images/maps/towns/mq0-town-map-015_d321853fda.png,assets/maps/reference/towns/mq0_town_map_015_d321853fda.png,assets/maps/reference/towns,3469921,d321853fda874f8aeab03dcd440d24094fef3289a600ddede4e4651fbac3fcda
images/maps/towns/mq0-town-map-016_9b31cd4b25.png,assets/maps/reference/towns/mq0_town_map_016_9b31cd4b25.png,assets/maps/reference/towns,3345091,9b31cd4b25bfeb159a92aec162e7f4c02af8b4a645f4831a49e5ea4fe1ff8bb2
images/maps/towns/mq0-town-map-017_1204d20139.png,assets/maps/reference/towns/mq0_town_map_017_1204d20139.png,assets/maps/reference/towns,3643944,1204d20139310cf3061a0713ab4b729a2f28b48844d3413ffbe0f5141a76d9bd
images/maps/towns/mq0-town-map-018_6908953363.png,assets/maps/reference/towns/mq0_town_map_018_6908953363.png,assets/maps/reference/towns,3478865,6908953363e584c4df2064cc53474ef62d0e107ea4012fed35253aef5a02a27e
images/maps/towns/mq0-town-map-019_1097f7403c.png,assets/maps/reference/towns/mq0_town_map_019_1097f7403c.png,assets/maps/reference/towns,3555487,1097f7403cbeb574ccdf78d66e12debc90f702632ac371c2e54b186c481fe223
images/maps/towns/mq0-town-map-020_7c2dab02ea.png,assets/maps/reference/towns/mq0_town_map_020_7c2dab02ea.png,assets/maps/reference/towns,3552773,7c2dab02eaee455e9b139a4714689eed9074ab3aab8246f4acabb1f3d91da043
images/maps/towns/mq0-town-map-021_e06a797642.png,assets/maps/reference/towns/mq0_town_map_021_e06a797642.png,assets/maps/reference/towns,3413010,e06a797642a82d66c7989c3cb37948d963f867c7095802b98dc6a592946f62d4
images/maps/towns/mq0-town-map-022_33484244d4.png,assets/maps/reference/towns/mq0_town_map_022_33484244d4.png,assets/maps/reference/towns,3274292,33484244d420ada6f65e1d6dd44af35cb5cb773ea2c9cd4387660cd942d8bc84
images/maps/towns/mq0-town-map-023_b07a81dd03.png,assets/maps/reference/towns/mq0_town_map_023_b07a81dd03.png,assets/maps/reference/towns,3482292,b07a81dd038ee89b26999274b14d1b6da9d0b42d584c162ae1b5fd248c1fa2b4
images/maps/towns/mq0-town-map-024_8f059aa531.png,assets/maps/reference/towns/mq0_town_map_024_8f059aa531.png,assets/maps/reference/towns,3222012,8f059aa531dc993c086f650bdc64e18aab0269c14a7d5e4fb7698b2cc951c02d
images/maps/towns/mq0-town-map-025_c3d3beef0a.png,assets/maps/reference/towns/mq0_town_map_025_c3d3beef0a.png,assets/maps/reference/towns,3456604,c3d3beef0a88beffeeba61d6cdd4d7f5ccf8ef1b97c125597c73593ccfc274b6
images/maps/towns/mq0-town-map-026_557635a401.png,assets/maps/reference/towns/mq0_town_map_026_557635a401.png,assets/maps/reference/towns,3285266,557635a40198ac10e051c00952d7521b3441ecf131b7dc27505e33f8ce487439
images/maps/towns/mq0-town-map-027_92528faf73.png,assets/maps/reference/towns/mq0_town_map_027_92528faf73.png,assets/maps/reference/towns,3062668,92528faf731319e03b60c4dff22b600dd3e600f64ba921bb4c13865bc68fb534
images/maps/towns/mq0-town-map-028_08c44a712b.png,assets/maps/reference/towns/mq0_town_map_028_08c44a712b.png,assets/maps/reference/towns,3402757,08c44a712b1cafc4af1bbd4003d9d4eea1c10d524e2328a69361b2ff42318ec3
images/maps/towns/mq0-town-map-029_50aa4f29a7.png,assets/maps/reference/towns/mq0_town_map_029_50aa4f29a7.png,assets/maps/reference/towns,3452942,50aa4f29a77c35d8e45cdca63f02777d342cda928b0e042b91e041a88f58008f
images/maps/towns/mq0-town-map-030_3cec38c71c.png,assets/maps/reference/towns/mq0_town_map_030_3cec38c71c.png,assets/maps/reference/towns,2255046,3cec38c71c781ff5c636e9bfbed724b4de5555882d9fc92ee98a470bf0984f73
images/maps/towns/mq0-town-map-031_4791b95acb.png,assets/maps/reference/towns/mq0_town_map_031_4791b95acb.png,assets/maps/reference/towns,3142827,4791b95acb5db4f99aec795ca146bfcd762c127077d885649ab4328ddeab31c7
images/maps/world/mq0-world-map-001_4813475e07.png,assets/maps/reference/world/mq0_world_map_001_4813475e07.png,assets/maps/reference/world,2927568,4813475e0740357aed595f54d6e04fa038bbfced1e79d59523844178dcd781da
images/maps/world/mq0-world-map-002_6f739673d3.jpeg,assets/maps/reference/world/mq0_world_map_002_6f739673d3.jpeg,assets/maps/reference/world,1041808,6f739673d35650db89f44926886877b119cb93c0c1af7cd8fb614e6e787dfff5
images/maps/world/mq0-world-map-003_68b60140fe.jpeg,assets/maps/reference/world/mq0_world_map_003_68b60140fe.jpeg,assets/maps/reference/world,769912,68b60140fefa7097bc30bdf4df0474fe2df74e7ab956814363f6feec9cf60baa
images/maps/world/mq0-world-map-004_90e10f9cb4.png,assets/maps/reference/world/mq0_world_map_004_90e10f9cb4.png,assets/maps/reference/world,3171687,90e10f9cb4a078328c208dda5469618c9d41f26a67cccaf747bd7f15413691ed
images/maps/world/mq0-world-map-005_5cf30d3c8b.png,assets/maps/reference/world/mq0_world_map_005_5cf30d3c8b.png,assets/maps/reference/world,2850336,5cf30d3c8b4016bb7dad12bed4f2176f72ecaeb20d31737e13f19881eb0d656b
images/maps/world/mq0-world-map-006_7b13e0f740.png,assets/maps/reference/world/mq0_world_map_006_7b13e0f740.png,assets/maps/reference/world,3414778,7b13e0f7408405a4f9e3262101d8952c7492496aaf9ead478c5fc6c0c708e0fd
images/maps/world/mq0-world-map-007_794eb3d421.png,assets/maps/reference/world/mq0_world_map_007_794eb3d421.png,assets/maps/reference/world,2385851,794eb3d421d388fc5363e75002f00b96a2a84f6a8f933c6c4399cbbbcfdc56aa
images/maps/world/mq0-world-map-008_e26fa946ce.png,assets/maps/reference/world/mq0_world_map_008_e26fa946ce.png,assets/maps/reference/world,3393625,e26fa946ce8dd325cace2f590d5017ed031062c7a9559dbe3e794af922c35af5
images/maps/world/mq0-world-map-009_f0e3e002dc.png,assets/maps/reference/world/mq0_world_map_009_f0e3e002dc.png,assets/maps/reference/world,2588467,f0e3e002dc57f6e38acb89f77d1c57132e34702e2512de3b1847e72bfb1ac82e
images/maps/world/mq0-world-map-010_1407de3614.png,assets/maps/reference/world/mq0_world_map_010_1407de3614.png,assets/maps/reference/world,2444862,1407de36143b18092720840dd1f11448cbbb0ec0cdb99f74e4193133717235d6
images/maps/world/mq0-world-map-011_a3fa47cf82.png,assets/maps/reference/world/mq0_world_map_011_a3fa47cf82.png,assets/maps/reference/world,2619466,a3fa47cf8260a15f492c4077d936cea471d6a0bf5c1e7bf96087a7e97a1d0372
images/maps/world/mq0-world-map-012_8819958ba1.png,assets/maps/reference/world/mq0_world_map_012_8819958ba1.png,assets/maps/reference/world,3369777,8819958ba1ad281637451d27af456b69c633dcf6c5ccbc4063af996f32572b8b
images/maps/world/mq0-world-map-013_e49fb97ee4.png,assets/maps/reference/world/mq0_world_map_013_e49fb97ee4.png,assets/maps/reference/world,2852582,e49fb97ee442804956055b14f5c31c2ffda1cde7a1103d64972b7a9ca8d7ee8f
images/maps/world/mq0-world-map-014_0e9d0753b6.png,assets/maps/reference/world/mq0_world_map_014_0e9d0753b6.png,assets/maps/reference/world,3469701,0e9d0753b601434b7db3adbfcda2289d4074e51b2b1651a65d63d5b4f9588ca7
images/maps/world/mq0-world-map-015_ca2f40062d.png,assets/maps/reference/world/mq0_world_map_015_ca2f40062d.png,assets/maps/reference/world,2592204,ca2f40062dbe214e087f34962572f2e4be553422e13c006a8eca58861342d8e6
images/maps/world/mq0-world-map-016_7829377395.png,assets/maps/reference/world/mq0_world_map_016_7829377395.png,assets/maps/reference/world,3187325,78293773954a63a1ce0026ca03560a2b555942b9a364686e47b034d5129bc609
images/maps/world/mq0-world-map-017_80196150bc.png,assets/maps/reference/world/mq0_world_map_017_80196150bc.png,assets/maps/reference/world,3390783,80196150bcd72c953cba2c5bcaad1cd599dfa12cea2bb8c66d5952804731b5a6
images/maps/world/mq0-world-map-018_cc6fba6066.png,assets/maps/reference/world/mq0_world_map_018_cc6fba6066.png,assets/maps/reference/world,3152318,cc6fba6066ab5841e72e32d6c2446c6897bd90ce45c38b4f61e018e0003feffd
images/maps/world/mq0-world-map-019_b3bda876a5.png,assets/maps/reference/world/mq0_world_map_019_b3bda876a5.png,assets/maps/reference/world,2962349,b3bda876a53f0b94299b84b9f0adef21ba91a33a65018b793eb8ed634de67a2b
images/maps/world/mq0-world-map-020_a4b8a7b818.png,assets/maps/reference/world/mq0_world_map_020_a4b8a7b818.png,assets/maps/reference/world,3891303,a4b8a7b81831b4fb1174e07563ef10547945ad22dae15d53444b6ebfc01f0b27
images/maps/world/mq0-world-map-021_897d87c737.png,assets/maps/reference/world/mq0_world_map_021_897d87c737.png,assets/maps/reference/world,3195336,897d87c7376e7ac38651401eb06d6f9e14112b33b563fa86b7a65488c3f0de4d
images/maps/world/mq0-world-map-022_94f19bddfe.png,assets/maps/reference/world/mq0_world_map_022_94f19bddfe.png,assets/maps/reference/world,2996968,94f19bddfe637ae746b0abf6f070661767791cbdd9d2a610db4757526986013d
images/maps/world/mq0-world-map-023_8032bea808.png,assets/maps/reference/world/mq0_world_map_023_8032bea808.png,assets/maps/reference/world,2809651,8032bea80894698d82de6b912b4770f6c72754190fc3c9af1bc63943ca0dbb82
images/monsters/cards/mq0-monster-card-001_c9d442a728.jpeg,assets/monsters/source/cards/mq0_monster_card_001_c9d442a728.jpeg,assets/monsters/source/cards,321506,c9d442a7282a95317a4e4a83598bd7c87dbe8624640fed4b10e9ff1728082507
images/monsters/cards/mq0-monster-card-002_09296255f3.jpeg,assets/monsters/source/cards/mq0_monster_card_002_09296255f3.jpeg,assets/monsters/source/cards,479250,09296255f3da1333656859b9a008cde644a7324d9ce1f8db891424970379c498
images/monsters/cards/mq0-monster-card-006_7e4f4add89.jpeg,assets/monsters/source/cards/mq0_monster_card_006_7e4f4add89.jpeg,assets/monsters/source/cards,313987,7e4f4add8966bc35f999c21a2d5e5e88677c0343ab3f3bb3fe1a4350f05427e9
images/monsters/cards/mq0-monster-card-008_aa5cbe3a85.png,assets/monsters/source/cards/mq0_monster_card_008_aa5cbe3a85.png,assets/monsters/source/cards,281524,aa5cbe3a85427df049987c684a0a43663ba84e02330179474de0bd116fa75bd4
images/monsters/cards/mq0-monster-card-009_f0bc69a479.png,assets/monsters/source/cards/mq0_monster_card_009_f0bc69a479.png,assets/monsters/source/cards,316671,f0bc69a4791de442808b62c6b4f1a546da0cdad93437f45cadbbda14bab80839
images/monsters/cards/mq0-monster-card-010_28a8a1a26e.jpeg,assets/monsters/source/cards/mq0_monster_card_010_28a8a1a26e.jpeg,assets/monsters/source/cards,350924,28a8a1a26e9ff74b209accee81c72d2149c68abc5afe1adf08a43f3191f96f84
images/monsters/cards/mq0-monster-card-012_a7a8416163.png,assets/monsters/source/cards/mq0_monster_card_012_a7a8416163.png,assets/monsters/source/cards,2070480,a7a841616353e437cc41fdca2b534a4e1b99e661608bfc6c5537dd9e7b0e94dc
images/monsters/cards/mq0-monster-card-013_e96c3ab1eb.png,assets/monsters/source/cards/mq0_monster_card_013_e96c3ab1eb.png,assets/monsters/source/cards,390142,e96c3ab1eb8e8ef33266054ba2b531f1a6f8ff1531035e3763e04bc44114eeea
images/monsters/cards/mq0-monster-card-014_c94e24a6f8.png,assets/monsters/source/cards/mq0_monster_card_014_c94e24a6f8.png,assets/monsters/source/cards,401927,c94e24a6f87ade1c4dc383458ea60d902f4fadc99409347a92b08b4b5c394e55
images/monsters/cards/mq0-monster-card-015_56b1598855.jpeg,assets/monsters/source/cards/mq0_monster_card_015_56b1598855.jpeg,assets/monsters/source/cards,466270,56b15988557b35d89837e3514b447aae508563843d011c4abc80f64858ec9c09
images/monsters/cards/mq0-monster-card-018_9111f46dcd.jpeg,assets/monsters/source/cards/mq0_monster_card_018_9111f46dcd.jpeg,assets/monsters/source/cards,521129,9111f46dcd70d71405570208c520c84e8cc37fc3369415e579cbefabd07e31c7
images/monsters/cards/mq0-monster-card-020_c26e18b928.jpeg,assets/monsters/source/cards/mq0_monster_card_020_c26e18b928.jpeg,assets/monsters/source/cards,378966,c26e18b92899ca4e7f80f8490fe12856f590afa9cce7caceac25af85f7d42fdc
images/monsters/cards/mq0-monster-card-021_31979edfd1.png,assets/monsters/source/cards/mq0_monster_card_021_31979edfd1.png,assets/monsters/source/cards,364112,31979edfd15d45f6b2c302247769d6b5a07603851d264b001a44471dc46842ef
images/monsters/cards/mq0-monster-card-022_60ae3292c1.jpeg,assets/monsters/source/cards/mq0_monster_card_022_60ae3292c1.jpeg,assets/monsters/source/cards,399044,60ae3292c1c6bc526e0d395271f5747fbffa5eff5171800e23e7161f8f183b45
images/monsters/cards/mq0-monster-card-023_4e242eb988.jpeg,assets/monsters/source/cards/mq0_monster_card_023_4e242eb988.jpeg,assets/monsters/source/cards,473516,4e242eb9882f1783893049c7f2cdabd5ead1a27d473a525877db43b4531914c7
images/monsters/cards/mq0-monster-card-030_e0a6225e55.jpeg,assets/monsters/source/cards/mq0_monster_card_030_e0a6225e55.jpeg,assets/monsters/source/cards,345845,e0a6225e5583147753398933c736e006d4d4bae0fc92ec195e9f955da8751a20
images/monsters/cards/mq0-monster-card-033_9950ef59b5.jpeg,assets/monsters/source/cards/mq0_monster_card_033_9950ef59b5.jpeg,assets/monsters/source/cards,423385,9950ef59b5c56279b093bf8d936767c1ed57bf8d88faeecc76524131c6d0f165
images/monsters/cards/mq0-monster-card-036_426eb472e4.jpeg,assets/monsters/source/cards/mq0_monster_card_036_426eb472e4.jpeg,assets/monsters/source/cards,513835,426eb472e471cd01a7caa1ed9f37d97fd7d5ab73c1ed5bbb2636bf92995f8417
images/monsters/cards/mq0-monster-card-037_797518c7e9.jpeg,assets/monsters/source/cards/mq0_monster_card_037_797518c7e9.jpeg,assets/monsters/source/cards,516772,797518c7e94c734d7af0f9b5a51e88260141bc8cf0e60f6696d341e674ef60a2
images/monsters/cards/mq0-monster-card-038_46219916c1.jpeg,assets/monsters/source/cards/mq0_monster_card_038_46219916c1.jpeg,assets/monsters/source/cards,286410,46219916c1782602fad8a90e3b3448805ebcd5052ceaf5478074529f10a3a86c
images/monsters/cards/mq0-monster-card-039_6f43c43df9.jpeg,assets/monsters/source/cards/mq0_monster_card_039_6f43c43df9.jpeg,assets/monsters/source/cards,330199,6f43c43df91cccfd949a02e8ffeb7f2ce58914535810c47ce5eac858fdb716f1
images/monsters/cards/mq0-monster-card-040_d0ef93338e.jpeg,assets/monsters/source/cards/mq0_monster_card_040_d0ef93338e.jpeg,assets/monsters/source/cards,335465,d0ef93338eb0b47db7e80e935147028a3df890b1dc8609264f68b8012017cdce
images/monsters/cards/mq0-monster-card-044_c265ac7dd0.jpeg,assets/monsters/source/cards/mq0_monster_card_044_c265ac7dd0.jpeg,assets/monsters/source/cards,350076,c265ac7dd095839a5858a46c31b27b2cf49aea0accd62d8404545e34924f8f4b
images/monsters/cards/mq0-monster-card-046_58a55f97e9.png,assets/monsters/source/cards/mq0_monster_card_046_58a55f97e9.png,assets/monsters/source/cards,410898,58a55f97e9d1c9e3c6f7c4758f3893e82308bbc08b692af6dc32ae9e34407e73
images/monsters/cards/mq0-monster-card-047_6f648ac5ff.png,assets/monsters/source/cards/mq0_monster_card_047_6f648ac5ff.png,assets/monsters/source/cards,295760,6f648ac5ff60be5ced90b64ce6f7689bd91fef1a20f10daa3f124f918f3a1d28
images/monsters/cards/mq0-monster-card-049_8dadaf131e.png,assets/monsters/source/cards/mq0_monster_card_049_8dadaf131e.png,assets/monsters/source/cards,410188,8dadaf131eecedc9e259806ce90484890d6e0c8751a96ed93efabc18cdfd493f
images/monsters/cards/mq0-monster-card-050_92ba95dc90.jpeg,assets/monsters/source/cards/mq0_monster_card_050_92ba95dc90.jpeg,assets/monsters/source/cards,331867,92ba95dc907ab424d4edc4e5a50f0c16c0f6feb6fbb9bf82fbce0ed67535bf3f
images/monsters/cards/mq0-monster-card-051_a32fa66c1c.jpeg,assets/monsters/source/cards/mq0_monster_card_051_a32fa66c1c.jpeg,assets/monsters/source/cards,343054,a32fa66c1c4ad26503d8321d3623ab9d922f454b253084a0523876b9db4503b9
images/monsters/cards/mq0-monster-card-053_066a9e9875.jpeg,assets/monsters/source/cards/mq0_monster_card_053_066a9e9875.jpeg,assets/monsters/source/cards,545344,066a9e9875c9095048bec5c1ff9d3b347f58f6987e5e4e7aaa5ac29f1cdbb8e0
images/monsters/cards/mq0-monster-card-054_dd776c37be.png,assets/monsters/source/cards/mq0_monster_card_054_dd776c37be.png,assets/monsters/source/cards,251460,dd776c37be21b3953bb22dd9fa42db96b2f05289bbf8aca52ba594e41b35b6fd
images/monsters/cards/mq0-monster-card-055_765fefd06a.jpeg,assets/monsters/source/cards/mq0_monster_card_055_765fefd06a.jpeg,assets/monsters/source/cards,446710,765fefd06a7c5a34a5c856469f3bac8c0bd00e79b0e1b5ca6fd09e777d050da7
images/monsters/cards/mq0-monster-card-057_e14ceff831.png,assets/monsters/source/cards/mq0_monster_card_057_e14ceff831.png,assets/monsters/source/cards,454942,e14ceff8315cdd2fd5e88bdacd45d25c415138809ed1a2154a054a67a934c86b
images/monsters/cards/mq0-monster-card-058_548ae56194.png,assets/monsters/source/cards/mq0_monster_card_058_548ae56194.png,assets/monsters/source/cards,213763,548ae56194b1d7dbd42cb94ce5ff521de319409d2d04c7f186f5b17a7d4b905a
images/monsters/cards/mq0-monster-card-059_a245ad89e6.jpeg,assets/monsters/source/cards/mq0_monster_card_059_a245ad89e6.jpeg,assets/monsters/source/cards,312243,a245ad89e62c33a932f444d74942b33fb66dad6b605606a2bcfbf2e125e8fa3b
images/monsters/cards/mq0-monster-card-063_df17a6bc38.jpeg,assets/monsters/source/cards/mq0_monster_card_063_df17a6bc38.jpeg,assets/monsters/source/cards,315048,df17a6bc38f11c0df781f7bb32487db01827b9adf2bffaa69c2958b816ea1d9e
images/monsters/cards/mq0-monster-card-064_53386317fb.png,assets/monsters/source/cards/mq0_monster_card_064_53386317fb.png,assets/monsters/source/cards,412848,53386317fba2fdfbfd2bca9a92b7cb0562a787a544e064acac12487c2f692184
images/monsters/cards/mq0-monster-card-065_d00b8e711b.jpeg,assets/monsters/source/cards/mq0_monster_card_065_d00b8e711b.jpeg,assets/monsters/source/cards,400882,d00b8e711b75433485d18b1b26144bbe0c4abeee6baec61f97af737e6404cded
images/monsters/cards/mq0-monster-card-066_3c80e81b83.jpeg,assets/monsters/source/cards/mq0_monster_card_066_3c80e81b83.jpeg,assets/monsters/source/cards,370651,3c80e81b83a1bd6bad998b0eb065a5d1a202defdccc8c3ecd2e2af1d8bc8d315
images/monsters/cards/mq0-monster-card-068_f58bc29474.png,assets/monsters/source/cards/mq0_monster_card_068_f58bc29474.png,assets/monsters/source/cards,2088322,f58bc29474567bbb66af9e5a54550f91a3b6d575676863c81b015103b580a492
images/monsters/cards/mq0-monster-card-070_301b5325eb.png,assets/monsters/source/cards/mq0_monster_card_070_301b5325eb.png,assets/monsters/source/cards,1832312,301b5325ebb69dc72a815d4a5704eb3c3bffde69c478f5b163a47262f8ade682
images/monsters/cards/mq0-monster-card-071_5b70506c06.jpeg,assets/monsters/source/cards/mq0_monster_card_071_5b70506c06.jpeg,assets/monsters/source/cards,381727,5b70506c06674abe6bf1c3a832bac89c712ac3d6f09e6303e94386803769c0df
images/monsters/cards/mq0-monster-card-072_c770916113.jpeg,assets/monsters/source/cards/mq0_monster_card_072_c770916113.jpeg,assets/monsters/source/cards,349739,c770916113215dc571ae07291a84eea5568fcf6e18e4c9a13a58e04f26b665ca
images/monsters/cards/mq0-monster-card-073_d5f41fc7e0.png,assets/monsters/source/cards/mq0_monster_card_073_d5f41fc7e0.png,assets/monsters/source/cards,371030,d5f41fc7e00e5047f5845817af8d675bade7ce9e5643f2f63b6db8c9d7e5740b
images/monsters/cards/mq0-monster-card-074_924b5155b4.png,assets/monsters/source/cards/mq0_monster_card_074_924b5155b4.png,assets/monsters/source/cards,354761,924b5155b481219b402a2449c2d572d5dae31b934e536fa803865566b63732df
images/monsters/cards/mq0-monster-card-075_cfae3ebc66.png,assets/monsters/source/cards/mq0_monster_card_075_cfae3ebc66.png,assets/monsters/source/cards,416177,cfae3ebc66ec9656d41d9dd761f2648c287f6c3b63be5a49d18cb96c56d3d1fa
images/monsters/cards/mq0-monster-card-076_4c90d7e8cd.jpeg,assets/monsters/source/cards/mq0_monster_card_076_4c90d7e8cd.jpeg,assets/monsters/source/cards,311380,4c90d7e8cdf6c6cf383567c85b6cec119dc558e78b2b343811b038039ffd46f3
images/monsters/cards/mq0-monster-card-084_86fff94571.png,assets/monsters/source/cards/mq0_monster_card_084_86fff94571.png,assets/monsters/source/cards,2370355,86fff945712b54c9799fe8c297ac2538f9e3f09e11741006e556dee932bbaaf8
images/monsters/cards/mq0-monster-card-094_4c0179e0e0.png,assets/monsters/source/cards/mq0_monster_card_094_4c0179e0e0.png,assets/monsters/source/cards,163866,4c0179e0e0f2b7af5518fc771baab8ecea9169e380c163bbd66a68706982a451
images/monsters/cards/mq0-monster-card-099_adc698262d.png,assets/monsters/source/cards/mq0_monster_card_099_adc698262d.png,assets/monsters/source/cards,1858395,adc698262d906c9da70938d0197818517647968c0aaf26f5f5fe757852a73442
images/monsters/cards/mq0-monster-card-100_69e6dfa0f5.png,assets/monsters/source/cards/mq0_monster_card_100_69e6dfa0f5.png,assets/monsters/source/cards,1564899,69e6dfa0f5f8881abfc7d7f7e011f901d765ab5c43f1acab853f0f891325c466
images/monsters/cards/mq0-monster-card-101_ae898f40c7.png,assets/monsters/source/cards/mq0_monster_card_101_ae898f40c7.png,assets/monsters/source/cards,1314607,ae898f40c795f2436d043c93f49d8aedce36105edc7d222e5f047f28de34ba8b
images/monsters/cards/mq0-monster-card-102_1ec4eca0ae.png,assets/monsters/source/cards/mq0_monster_card_102_1ec4eca0ae.png,assets/monsters/source/cards,1239972,1ec4eca0ae2a75b5caf2105b5ca5767614d93c09c0acf94aa387679ad7142b8f
images/monsters/cards/mq0-monster-card-103_60ae546e36.png,assets/monsters/source/cards/mq0_monster_card_103_60ae546e36.png,assets/monsters/source/cards,1443661,60ae546e36d6de55dfbe06fb85be60e4ace0b2999f6339f7bae8042a7d84690b
images/monsters/cards/mq0-monster-card-105_d6f328b21d.png,assets/monsters/source/cards/mq0_monster_card_105_d6f328b21d.png,assets/monsters/source/cards,2250232,d6f328b21db59075f9a44e929314c8eb1d49c5ee72f5f370a1a45d77d8c93858
images/monsters/cards/mq0-monster-card-106_025d250ad1.png,assets/monsters/source/cards/mq0_monster_card_106_025d250ad1.png,assets/monsters/source/cards,1519686,025d250ad1d950bde4c2013f0708a58f6c790512c8bcfcc12dbf7a547786a290
images/monsters/cards/mq0-monster-card-107_3c94b88861.png,assets/monsters/source/cards/mq0_monster_card_107_3c94b88861.png,assets/monsters/source/cards,1970290,3c94b88861d89d3a148821574d8fb0c645de63b6dfa4b76ca6201f75a17a6ce0
images/monsters/cards/mq0-monster-card-108_2bc2f5f89d.png,assets/monsters/source/cards/mq0_monster_card_108_2bc2f5f89d.png,assets/monsters/source/cards,1414334,2bc2f5f89df5e249652f274b0aaad0807f94ceddcc32978f8d79d04e6583660c
images/monsters/cards/mq0-monster-card-109_94bb3fb0c5.png,assets/monsters/source/cards/mq0_monster_card_109_94bb3fb0c5.png,assets/monsters/source/cards,1240687,94bb3fb0c58593651338839b7bf5ff4e719a3767c1c755123807f558fac462a3
images/monsters/cards/mq0-monster-card-110_60c63f940d.png,assets/monsters/source/cards/mq0_monster_card_110_60c63f940d.png,assets/monsters/source/cards,1333425,60c63f940d99eb17d4ff22d1086a097ee5605958d072b02c6a6c4f2aad704acc
images/monsters/cards/mq0-monster-card-111_7c0f0e8388.png,assets/monsters/source/cards/mq0_monster_card_111_7c0f0e8388.png,assets/monsters/source/cards,1352262,7c0f0e83885cabecc4908e16071942ea418a670b748919b95a917d75176f6b2d
images/monsters/cards/mq0-monster-card-112_5e53da8b6d.png,assets/monsters/source/cards/mq0_monster_card_112_5e53da8b6d.png,assets/monsters/source/cards,1489408,5e53da8b6db2a0be7863bacd3c079d59750d8f67adb648527dc2f80e66e4664a
images/monsters/cards/mq0-monster-card-113_44de7ecfc9.png,assets/monsters/source/cards/mq0_monster_card_113_44de7ecfc9.png,assets/monsters/source/cards,1544473,44de7ecfc9e694292fce70320757122b6ddd31f67ba07c672abf533b5e29127f
images/monsters/cards/mq0-monster-card-114_3fd266ae91.png,assets/monsters/source/cards/mq0_monster_card_114_3fd266ae91.png,assets/monsters/source/cards,1251217,3fd266ae914ecde21db85f0b55968951a3620f1ea74074b1bf3a0c26d80a2f3e
images/monsters/cards/mq0-monster-card-115_4fb47deb92.png,assets/monsters/source/cards/mq0_monster_card_115_4fb47deb92.png,assets/monsters/source/cards,2271129,4fb47deb92e1d156b7a854effd0d6fe9cdd93182f15bc5a56ec4e9cd4ddf9878
images/monsters/cards/mq0-monster-card-116_6ccaaebed9.png,assets/monsters/source/cards/mq0_monster_card_116_6ccaaebed9.png,assets/monsters/source/cards,1350968,6ccaaebed93f30dcfe40ac80e8ff1e6a67293b9e8544a85f90cefcd02ddf4406
images/monsters/cards/mq0-monster-card-117_69ff5c2137.png,assets/monsters/source/cards/mq0_monster_card_117_69ff5c2137.png,assets/monsters/source/cards,1839030,69ff5c2137402785b95f01275a3dc322258c79b5944a1bc4b0b9e188a9ec1db8
images/monsters/cards/mq0-monster-card-118_b3acb69658.png,assets/monsters/source/cards/mq0_monster_card_118_b3acb69658.png,assets/monsters/source/cards,1309593,b3acb69658b2e8af17fb4a5390fd04d550806e1a0dfc386d43bd30d7de4ef948
images/monsters/cards/mq0-monster-card-119_bc994613ef.png,assets/monsters/source/cards/mq0_monster_card_119_bc994613ef.png,assets/monsters/source/cards,1762919,bc994613eff84fbeddd2b832814c0c703e5d788bf397ce3257f5f9f96fa9633a
images/monsters/cards/mq0-monster-card-120_5ead1d6281.png,assets/monsters/source/cards/mq0_monster_card_120_5ead1d6281.png,assets/monsters/source/cards,2041997,5ead1d62817f6467ff8d05eb4674f864264995c89e8047e2cff699f62b4c1afb
images/monsters/cards/mq0-monster-card-121_86fceb1244.png,assets/monsters/source/cards/mq0_monster_card_121_86fceb1244.png,assets/monsters/source/cards,1508458,86fceb12447dcfa883915bb3453729b200c8ef7cd393332eef9d189e7ff8c060
images/monsters/cards/mq0-monster-card-122_c3c58ad002.png,assets/monsters/source/cards/mq0_monster_card_122_c3c58ad002.png,assets/monsters/source/cards,2559788,c3c58ad00277b5665749d86e5bfb19de896ce36e88eaa2ab6466f65db4b9f197
images/monsters/cards/mq0-monster-card-123_06942a132f.png,assets/monsters/source/cards/mq0_monster_card_123_06942a132f.png,assets/monsters/source/cards,1465308,06942a132f1dd42d3befb78c2e9054620ff297f944d7660f17a3c2130ed769b5
images/monsters/cards/mq0-monster-card-124_e844b5d9b0.png,assets/monsters/source/cards/mq0_monster_card_124_e844b5d9b0.png,assets/monsters/source/cards,1348802,e844b5d9b0b6d9ad2f68dc568d9a9f4eec33d97f91eb9e980940e0e4224eb25f
images/monsters/cards/mq0-monster-card-125_d31ea2686f.png,assets/monsters/source/cards/mq0_monster_card_125_d31ea2686f.png,assets/monsters/source/cards,2328078,d31ea2686fa08c4942135c4f70074f0f83e12ae787d76b3fb164b9fdb1fcdc99
images/monsters/portraits/mq0-monster-001_0d78a307c8.png,assets/monsters/source/portraits/mq0_monster_001_0d78a307c8.png,assets/monsters/source/portraits,885099,0d78a307c8014a3e1f37d0c069aea3d5cdfe4b4cd73355f1a0c0eddfec39e873
images/monsters/portraits/mq0-monster-002_0ca027304d.png,assets/monsters/source/portraits/mq0_monster_002_0ca027304d.png,assets/monsters/source/portraits,1174724,0ca027304d316a4e9fdfb1b6901a027c94abe9fccf491cc01821b2cc741b22a2
images/monsters/portraits/mq0-monster-003_1e2e150bba.png,assets/monsters/source/portraits/mq0_monster_003_1e2e150bba.png,assets/monsters/source/portraits,884856,1e2e150bbad2cdb13bcd23f9f2f6928fae1704fda2eb9294e935a614cfa60c69
images/monsters/portraits/mq0-monster-004_83b66a2817.png,assets/monsters/source/portraits/mq0_monster_004_83b66a2817.png,assets/monsters/source/portraits,1018176,83b66a2817d74d5c848c56ee2da6ea03e21640872ae49139741d462608f5c7e7
images/monsters/portraits/mq0-monster-005_192bfe02fa.jpeg,assets/monsters/source/portraits/mq0_monster_005_192bfe02fa.jpeg,assets/monsters/source/portraits,282396,192bfe02fa6e999e6f640911bef8cd724fa1e99c6933a197ef7b67b334ef0eff
images/monsters/portraits/mq0-monster-006_7c8f45a8e1.jpeg,assets/monsters/source/portraits/mq0_monster_006_7c8f45a8e1.jpeg,assets/monsters/source/portraits,302933,7c8f45a8e1a114c851595c91348d1e1ed9f851e76c767882245377b175e63da0
images/monsters/portraits/mq0-monster-008_8cf7d27283.jpeg,assets/monsters/source/portraits/mq0_monster_008_8cf7d27283.jpeg,assets/monsters/source/portraits,418442,8cf7d2728355aba2f522b7d3f64214a2bc5534bcffe7ad580e1b05eb4c6696d6
images/monsters/portraits/mq0-monster-009_e551aabb0f.png,assets/monsters/source/portraits/mq0_monster_009_e551aabb0f.png,assets/monsters/source/portraits,2645351,e551aabb0f1224970a08b44197fdfa7ce4d038f019efb84c7ad731e70436a81f
images/monsters/portraits/mq0-monster-010_a5524f7df1.png,assets/monsters/source/portraits/mq0_monster_010_a5524f7df1.png,assets/monsters/source/portraits,2015300,a5524f7df1c36db24d0d9bbfdc7acf526904ef4071ccf819889471c0573ddabf
images/monsters/portraits/mq0-monster-011_1e59d48bf6.png,assets/monsters/source/portraits/mq0_monster_011_1e59d48bf6.png,assets/monsters/source/portraits,807212,1e59d48bf62b2a97b3c38aedf7409261692fed86ccad88ad5074b26c9c256094
images/monsters/portraits/mq0-monster-012_6e2fb0c1ac.png,assets/monsters/source/portraits/mq0_monster_012_6e2fb0c1ac.png,assets/monsters/source/portraits,884149,6e2fb0c1ac096fc896f8211b458e01ab5456aa47473010dc120a4f101522b811
images/monsters/portraits/mq0-monster-013_b8219da84e.png,assets/monsters/source/portraits/mq0_monster_013_b8219da84e.png,assets/monsters/source/portraits,1056557,b8219da84e73e7b176169509470eb9fcf7a5ff1cc01055a3fd4f8725d13595c3
images/monsters/portraits/mq0-monster-014_d2a80e42f8.png,assets/monsters/source/portraits/mq0_monster_014_d2a80e42f8.png,assets/monsters/source/portraits,3417804,d2a80e42f8a96ed5a54e6763934704a1ebfcee1e43a1201c70935ec392d5a28d
images/monsters/portraits/mq0-monster-015_5bcfa4a05e.png,assets/monsters/source/portraits/mq0_monster_015_5bcfa4a05e.png,assets/monsters/source/portraits,2787935,5bcfa4a05ef81fe2806a14c7da6ea57ffac859d37426f1235ee443f9ce14f7e4
images/monsters/portraits/mq0-monster-016_d4f3f307ce.png,assets/monsters/source/portraits/mq0_monster_016_d4f3f307ce.png,assets/monsters/source/portraits,3494221,d4f3f307ceabef2876d1a644f460c917ae2fb6306143d72cff4366948fae2d79
images/monsters/portraits/mq0-monster-017_bf6965960d.png,assets/monsters/source/portraits/mq0_monster_017_bf6965960d.png,assets/monsters/source/portraits,3312351,bf6965960da4e62239e43af3565bb90e149e26491d83a1c3e1d4213791a3a65d
images/monsters/portraits/mq0-monster-018_614a489775.png,assets/monsters/source/portraits/mq0_monster_018_614a489775.png,assets/monsters/source/portraits,3337024,614a489775f8db8381af808684f65deaa55bae3eb8cc91458439aa3999f87154
images/monsters/portraits/mq0-monster-019_8109e0fdd0.png,assets/monsters/source/portraits/mq0_monster_019_8109e0fdd0.png,assets/monsters/source/portraits,1127549,8109e0fdd09e4eeb995a66f71b5291ccdac30184a5307215cff128d96978f171
images/monsters/portraits/mq0-monster-020_a45829818e.png,assets/monsters/source/portraits/mq0_monster_020_a45829818e.png,assets/monsters/source/portraits,669383,a45829818e851d2d69ff4d33727a601a3ec9ab106c3dba12278ef204156821ab
images/monsters/portraits/mq0-monster-021_fdbec7dc6e.png,assets/monsters/source/portraits/mq0_monster_021_fdbec7dc6e.png,assets/monsters/source/portraits,1065491,fdbec7dc6e3e997c5fb3cf1135f50e46254577e76f61a6bd10df53de8d230381
images/monsters/portraits/mq0-monster-022_63f6ec62f2.png,assets/monsters/source/portraits/mq0_monster_022_63f6ec62f2.png,assets/monsters/source/portraits,1779812,63f6ec62f21f27a2afaed7b4e7e084bc352d1bb58f1cd04dc7c511fb2c35de03
images/monsters/portraits/mq0-monster-023_a1377911db.png,assets/monsters/source/portraits/mq0_monster_023_a1377911db.png,assets/monsters/source/portraits,3557062,a1377911dbe17843bb3050817a7b51b8b70bfff299f76007e4952c5e9819e7b1
images/monsters/portraits/mq0-monster-024_57fc2dcc0b.png,assets/monsters/source/portraits/mq0_monster_024_57fc2dcc0b.png,assets/monsters/source/portraits,3005224,57fc2dcc0bd7db2b535b937264e0ddf43cd69f5fa2d53edd0a2f51421022d06f
images/monsters/portraits/mq0-monster-025_fbc1253312.png,assets/monsters/source/portraits/mq0_monster_025_fbc1253312.png,assets/monsters/source/portraits,3606913,fbc12533123bd916a5196f9fe08fd7802f49b51f59a14deb9664ecfc1e94837d
images/monsters/portraits/mq0-monster-026_b972431115.png,assets/monsters/source/portraits/mq0_monster_026_b972431115.png,assets/monsters/source/portraits,3763264,b97243111567fd83d59eaedfeaa11f9ff9d1bd35bf0a90e18c06a4d7b19e54e6
images/monsters/portraits/mq0-monster-027_74e342f3ed.png,assets/monsters/source/portraits/mq0_monster_027_74e342f3ed.png,assets/monsters/source/portraits,648482,74e342f3eddc9022db066387d42aff5395a8708bde5f8d3d05a701d2c49ef522
images/monsters/portraits/mq0-monster-028_72713e1026.png,assets/monsters/source/portraits/mq0_monster_028_72713e1026.png,assets/monsters/source/portraits,560129,72713e1026c0969ba200509439584174bd8c7b1b3a99b02d56f030f5275deaf4
images/monsters/portraits/mq0-monster-029_b813f54bd0.png,assets/monsters/source/portraits/mq0_monster_029_b813f54bd0.png,assets/monsters/source/portraits,633378,b813f54bd014d35f27e49a5873b89623f2f5a344f44812fe5433f95dcb66cf5d
images/monsters/portraits/mq0-monster-030_54c4041dec.png,assets/monsters/source/portraits/mq0_monster_030_54c4041dec.png,assets/monsters/source/portraits,1013359,54c4041decef4cab7b031596d625200da1f2d705e2c51ff7e66488658e282a3b
images/monsters/portraits/mq0-monster-031_06f227b9ef.png,assets/monsters/source/portraits/mq0_monster_031_06f227b9ef.png,assets/monsters/source/portraits,1771640,06f227b9ef25b070c6ae6cb50ef0514df3069a6c4641e2e56f800cd693204fc3
images/monsters/portraits/mq0-monster-032_5aefefa8f5.png,assets/monsters/source/portraits/mq0_monster_032_5aefefa8f5.png,assets/monsters/source/portraits,1403665,5aefefa8f547330c381d9ccc89af8cef70aa819915b0484fd8419680a70d642c
images/monsters/portraits/mq0-monster-033_1052f0ce22.png,assets/monsters/source/portraits/mq0_monster_033_1052f0ce22.png,assets/monsters/source/portraits,3474739,1052f0ce223bcb6e3178e113105006f6249df03914c671c60360ac40c8eb4baf
images/monsters/portraits/mq0-monster-034_0dfc3f9ac9.png,assets/monsters/source/portraits/mq0_monster_034_0dfc3f9ac9.png,assets/monsters/source/portraits,2174033,0dfc3f9ac967e4b88c004446ba58bc19b11aebc3b8962ebf6befcf5d4cf49204
images/monsters/portraits/mq0-monster-035_efadf032c6.png,assets/monsters/source/portraits/mq0_monster_035_efadf032c6.png,assets/monsters/source/portraits,753148,efadf032c60ad70d5edb1dfbe95c29acf8a0bd13a83f407a89977587647bf042
images/monsters/portraits/mq0-monster-036_8497b770dc.png,assets/monsters/source/portraits/mq0_monster_036_8497b770dc.png,assets/monsters/source/portraits,849562,8497b770dc05a40971c78a224343d09f2f317e41eb65ed1e52369c07509a2c77
images/monsters/portraits/mq0-monster-037_2cf631d523.png,assets/monsters/source/portraits/mq0_monster_037_2cf631d523.png,assets/monsters/source/portraits,823354,2cf631d5238a5aa177ac0aeb432f611aebbb8ddfcae902c42f62c18c3c813514
images/monsters/portraits/mq0-monster-038_ed26914651.png,assets/monsters/source/portraits/mq0_monster_038_ed26914651.png,assets/monsters/source/portraits,1640118,ed269146518d70633864377efa625fb12ac23be6f5a6686cc8700d1d1fe9511a
images/monsters/portraits/mq0-monster-039_09ac6a99aa.png,assets/monsters/source/portraits/mq0_monster_039_09ac6a99aa.png,assets/monsters/source/portraits,877402,09ac6a99aab31e5e460b79e652cd4f7809be2085fb1020812415a7a40f7dcfaf
images/monsters/portraits/mq0-monster-040_940365c709.png,assets/monsters/source/portraits/mq0_monster_040_940365c709.png,assets/monsters/source/portraits,773644,940365c709c56e9ecb39f08a3cdbe096b5a600f9f051a5eb36f7a5fc5d7d9b2c
images/monsters/portraits/mq0-monster-041_94c5948bc6.png,assets/monsters/source/portraits/mq0_monster_041_94c5948bc6.png,assets/monsters/source/portraits,541059,94c5948bc671272ca9046f5e3b760673787e71e3dbc377fe3cd0de62889a1248
images/monsters/portraits/mq0-monster-042_b891b0172d.png,assets/monsters/source/portraits/mq0_monster_042_b891b0172d.png,assets/monsters/source/portraits,3003154,b891b0172d2acceada3cf65887389be5170725f62231e415278c45e4d880393b
images/monsters/portraits/mq0-monster-043_0c21327dac.png,assets/monsters/source/portraits/mq0_monster_043_0c21327dac.png,assets/monsters/source/portraits,2987143,0c21327dacf4881870cc663668060c6a0c6cc1b3ac8f6664e43d465347c5bcc0
images/monsters/portraits/mq0-monster-044_9d72dd4bc8.png,assets/monsters/source/portraits/mq0_monster_044_9d72dd4bc8.png,assets/monsters/source/portraits,3271049,9d72dd4bc8044761984be6b25f4b81d87f9b78b0e060fee791304ebfd1d6b803
images/monsters/portraits/mq0-monster-045_5f063990db.png,assets/monsters/source/portraits/mq0_monster_045_5f063990db.png,assets/monsters/source/portraits,3583967,5f063990db056751ac95d2513e0da4e51e6b2a1e5ebf8b94f6a5f51eceda598e
images/monsters/portraits/mq0-monster-046_4ef802b3f2.png,assets/monsters/source/portraits/mq0_monster_046_4ef802b3f2.png,assets/monsters/source/portraits,1241064,4ef802b3f21096f54f802e3f1fc6238df4d88727f4f48319e4070fcec5f80ebc
images/promo/mq0-promo-001_b30dbd1eb4.jpeg,assets/promo/reference/mq0_promo_001_b30dbd1eb4.jpeg,assets/promo/reference,370804,b30dbd1eb4a0a0573695dde894410d718c02c128564534429c2f71a0b667771b
images/promo/mq0-promo-002_2766385674.jpeg,assets/promo/reference/mq0_promo_002_2766385674.jpeg,assets/promo/reference,1033574,2766385674dd6af8a6836b2bf49765ff49f7e85f222031abcd8420bb0e4cea2e
images/promo/mq0-promo-004_2799c8e9c1.png,assets/promo/reference/mq0_promo_004_2799c8e9c1.png,assets/promo/reference,4094784,2799c8e9c1cd9fbde88929d3d2b7a446f0b8594171bdfd8eb9d35ef694e8ca65
images/promo/mq0-promo-005_a9a47fc8fd.png,assets/promo/reference/mq0_promo_005_a9a47fc8fd.png,assets/promo/reference,234976,a9a47fc8fd8b7ed07bd00cd300361ec79e4fb5870406595c7910ee0053b833f4
images/promo/mq0-promo-006_01cc44bc77.jpeg,assets/promo/reference/mq0_promo_006_01cc44bc77.jpeg,assets/promo/reference,894946,01cc44bc77ce6b8c58a88f41fd866f25d9745d1fccee11f90ed109872c57101a
images/promo/mq0-promo-009_77e7483bc3.png,assets/promo/reference/mq0_promo_009_77e7483bc3.png,assets/promo/reference,296288,77e7483bc35edbadc03c70d275c682fc56d5d5a35c18ab1fee7d199842951ed4
images/promo/mq0-promo-010_e9292f8a45.png,assets/promo/reference/mq0_promo_010_e9292f8a45.png,assets/promo/reference,375051,e9292f8a45b6fd03d4e750a53ffb6b5873303b592e59345b9a14b53e1e9c56ec
images/promo/mq0-promo-011_61d65308ce.png,assets/promo/reference/mq0_promo_011_61d65308ce.png,assets/promo/reference,120668,61d65308ce08e55a90049baa111da31e499afab6e91b7599a6f9ae8b52743e9b
images/promo/mq0-promo-012_927490f3f7.jpeg,assets/promo/reference/mq0_promo_012_927490f3f7.jpeg,assets/promo/reference,473991,927490f3f7dab47991697d9881f2e71067552f015cdbb811d10e0f18a63c2b00
images/promo/mq0-promo-013_1fde6b8b39.jpeg,assets/promo/reference/mq0_promo_013_1fde6b8b39.jpeg,assets/promo/reference,445801,1fde6b8b39af38d0ed43bb8ce1e89ac8172bcb087b66de7bd865203e22ac1ec2
images/promo/mq0-promo-014_e2fa65b158.jpeg,assets/promo/reference/mq0_promo_014_e2fa65b158.jpeg,assets/promo/reference,323177,e2fa65b158a48b543c877363f645a4cc0f649ef1680a90d1094ec1b793c33eaf
images/promo/mq0-promo-015_f0d7ca01af.jpeg,assets/promo/reference/mq0_promo_015_f0d7ca01af.jpeg,assets/promo/reference,492957,f0d7ca01af72721dca32fe90c42110b74a3a99cfaa6b2d73785d18869e6b48ed
images/promo/mq0-promo-016_7566e35dd2.png,assets/promo/reference/mq0_promo_016_7566e35dd2.png,assets/promo/reference,771581,7566e35dd23368a97518f58aec295022cc17f572051468b1bbec1f9868c284b2
images/promo/mq0-promo-017_9dbf2fa392.png,assets/promo/reference/mq0_promo_017_9dbf2fa392.png,assets/promo/reference,1911445,9dbf2fa3929babaf9d0e89df68d7a0141492e501851e32a420a80f8e31beb91a
images/promo/mq0-promo-018_d82f749dc8.png,assets/promo/reference/mq0_promo_018_d82f749dc8.png,assets/promo/reference,656521,d82f749dc8258ca7fa129e9564b87d67a0f9b0240c76c8ef22944a650f845d32
images/promo/mq0-promo-019_5c43550724.png,assets/promo/reference/mq0_promo_019_5c43550724.png,assets/promo/reference,3317919,5c43550724d1f8bf7e5f3875513951e8874ea79b61bbbae3ab9358e8b05e2f19
images/promo/mq0-promo-020_09e42bab05.png,assets/promo/reference/mq0_promo_020_09e42bab05.png,assets/promo/reference,2543245,09e42bab05499a0b1af53ab8a63529d01fe2c189c31430c1a517d75c1755524f
images/promo/mq0-promo-021_3470d2e14e.png,assets/promo/reference/mq0_promo_021_3470d2e14e.png,assets/promo/reference,2634217,3470d2e14eef6c91e3726c83dd52eb44e39995dc3da47042f267f2e1620b7d69
images/promo/mq0-promo-022_da883e39e3.png,assets/promo/reference/mq0_promo_022_da883e39e3.png,assets/promo/reference,3455692,da883e39e37a88088020fc8ad651ccccbe62c9729dbdcbcb138f7175fa6b415e
images/promo/mq0-promo-023_3e27759296.png,assets/promo/reference/mq0_promo_023_3e27759296.png,assets/promo/reference,2099996,3e27759296fa305542b21a97690e1ca3331fd9b35513e420811d535b6a0b8c83
images/promo/mq0-promo-024_b1b39730ad.png,assets/promo/reference/mq0_promo_024_b1b39730ad.png,assets/promo/reference,2108275,b1b39730adc4fe2bcb2faaf4f86511aca07c4f5ea11dac69a783bff82638f5d7
images/promo/mq0-promo-025_be8512e235.png,assets/promo/reference/mq0_promo_025_be8512e235.png,assets/promo/reference,1917443,be8512e235f1f5247e88117cf42b11af214e7bff27e5be74cdaabd67031888d5
images/promo/mq0-promo-026_6d80d17943.png,assets/promo/reference/mq0_promo_026_6d80d17943.png,assets/promo/reference,2128243,6d80d1794385c8f0e711206399c1a6d045252009e128c232c95cc485c08cc61a
images/promo/mq0-promo-027_6dfd1807b1.png,assets/promo/reference/mq0_promo_027_6dfd1807b1.png,assets/promo/reference,3440454,6dfd1807b10cee2418d680d4a158bf14ce7cbe437963b17ba51cb8bf8406a9ea
images/promo/mq0-promo-028_4419d947de.png,assets/promo/reference/mq0_promo_028_4419d947de.png,assets/promo/reference,3600409,4419d947ded7c9b282a5c525d337a2501913a97b97b6390714120e4f4f84b77c
images/promo/mq0-promo-029_dacc6ccd2d.png,assets/promo/reference/mq0_promo_029_dacc6ccd2d.png,assets/promo/reference,1985763,dacc6ccd2dbb29e651b52649dad5e373f806741540f084c8b6b2b8aa10c358ac
images/promo/mq0-promo-030_2f669cda87.png,assets/promo/reference/mq0_promo_030_2f669cda87.png,assets/promo/reference,3378997,2f669cda87228dc70b3ef232662feaaa3270defbdfa88d7d9440b00a5ac322ab
images/references/screenshots/mq0-reference-screenshot-001_ef57c7852d.png,assets/misc/reference/screenshots/mq0_reference_screenshot_001_ef57c7852d.png,assets/misc/reference/screenshots,236712,ef57c7852dda4959df4325094486ccb02ba057137a2f0c5aed3319cdc31272a5
images/references/screenshots/mq0-reference-screenshot-002_79f00eb4db.png,assets/misc/reference/screenshots/mq0_reference_screenshot_002_79f00eb4db.png,assets/misc/reference/screenshots,273559,79f00eb4db0cfa778115b66fe120636bea5c1aed113078060bd638e26b5b217a
images/references/screenshots/mq0-reference-screenshot-003_24d069ebd6.png,assets/misc/reference/screenshots/mq0_reference_screenshot_003_24d069ebd6.png,assets/misc/reference/screenshots,3533420,24d069ebd63274b109f51968eb66094c5811fd2c7c4f79c56a6f7122417542b4
images/references/screenshots/mq0-reference-screenshot-004_1cfa5298c3.jpeg,assets/misc/reference/screenshots/mq0_reference_screenshot_004_1cfa5298c3.jpeg,assets/misc/reference/screenshots,360031,1cfa5298c3fc4e6f3e2256680751a79bec92109fbcd709199a1ad85b4fa939b4
images/references/screenshots/mq0-reference-screenshot-005_d6a45e8cc6.png,assets/misc/reference/screenshots/mq0_reference_screenshot_005_d6a45e8cc6.png,assets/misc/reference/screenshots,907851,d6a45e8cc6d26773aaa490808d5c666c56cd1551fed5eb16c3e4e665111eb267
images/references/screenshots/mq0-reference-screenshot-006_815840be2c.png,assets/misc/reference/screenshots/mq0_reference_screenshot_006_815840be2c.png,assets/misc/reference/screenshots,944989,815840be2c1012e50cdad8f9e4eaa7ee9bb258398a00d4f45a0241e08e60c8b6
images/references/screenshots/mq0-reference-screenshot-007_6aa9ea7e03.jpeg,assets/misc/reference/screenshots/mq0_reference_screenshot_007_6aa9ea7e03.jpeg,assets/misc/reference/screenshots,299522,6aa9ea7e03a78eda0a17f4bc825a340a00c07e3c96ee2d31761c9a8735c4522f
images/references/screenshots/mq0-reference-screenshot-009_48b08e82a0.jpeg,assets/misc/reference/screenshots/mq0_reference_screenshot_009_48b08e82a0.jpeg,assets/misc/reference/screenshots,304342,48b08e82a01ca639828183fde8026d7c845885124419e00b6561c599e003e760
images/references/screenshots/mq0-reference-screenshot-011_392acdc239.png,assets/misc/reference/screenshots/mq0_reference_screenshot_011_392acdc239.png,assets/misc/reference/screenshots,967328,392acdc239c40ca1bebc70e83c43bf638f467c69033f0e105012fc948231c309
images/references/screenshots/mq0-reference-screenshot-013_c6ab4d0011.jpeg,assets/misc/reference/screenshots/mq0_reference_screenshot_013_c6ab4d0011.jpeg,assets/misc/reference/screenshots,219164,c6ab4d001189f0778fe0ce9e45eb0ecfd36b95ca59b146356458e8744dcd1e9d
images/references/screenshots/mq0-reference-screenshot-015_c4d2193cd4.png,assets/misc/reference/screenshots/mq0_reference_screenshot_015_c4d2193cd4.png,assets/misc/reference/screenshots,593912,c4d2193cd40a4d1847af4a3f88a6d0212348ce9d7d60a39fde2c9b43b2524715
images/references/screenshots/mq0-reference-screenshot-016_b3d245d3f4.png,assets/misc/reference/screenshots/mq0_reference_screenshot_016_b3d245d3f4.png,assets/misc/reference/screenshots,844158,b3d245d3f4a198b317024b453d8215af0a3369d299150337bcfc3efc6716cf46
images/references/screenshots/mq0-reference-screenshot-017_c8bc1b9256.jpeg,assets/misc/reference/screenshots/mq0_reference_screenshot_017_c8bc1b9256.jpeg,assets/misc/reference/screenshots,296587,c8bc1b9256f1663096d113424e5ffaf278cf714e16d0ff37136acc3446898950
images/references/screenshots/mq0-reference-screenshot-019_fea625744b.jpeg,assets/misc/reference/screenshots/mq0_reference_screenshot_019_fea625744b.jpeg,assets/misc/reference/screenshots,278173,fea625744b7d8b2af95652e327dbeb45973e63107947d9edde6f63a8e4fac154
images/references/screenshots/mq0-reference-screenshot-021_0942a25f22.png,assets/misc/reference/screenshots/mq0_reference_screenshot_021_0942a25f22.png,assets/misc/reference/screenshots,890452,0942a25f229caf5650597c1c05a9980a42e11dfd98dc292f001bf60ab31dcc61
images/references/screenshots/mq0-reference-screenshot-022_28e91ad0fd.png,assets/misc/reference/screenshots/mq0_reference_screenshot_022_28e91ad0fd.png,assets/misc/reference/screenshots,862575,28e91ad0fd43c1d9bfa1c0cd2d735a7925c71bab19706b28a20ef3fcb15736fd
images/references/screenshots/mq0-reference-screenshot-023_24ff47661a.png,assets/misc/reference/screenshots/mq0_reference_screenshot_023_24ff47661a.png,assets/misc/reference/screenshots,896142,24ff47661a429322063d7bd51ce06ca2c1eeff38eb799e9bed424722a94416f8
images/references/screenshots/mq0-reference-screenshot-024_82f5477a8d.png,assets/misc/reference/screenshots/mq0_reference_screenshot_024_82f5477a8d.png,assets/misc/reference/screenshots,942015,82f5477a8d6f72a08539e7df738ed4804fc4eadec5f4b35b62671610a336fbea
images/references/screenshots/mq0-reference-screenshot-025_e7643c237e.jpeg,assets/misc/reference/screenshots/mq0_reference_screenshot_025_e7643c237e.jpeg,assets/misc/reference/screenshots,374209,e7643c237e74e475831507b1b60da7119cd212518a45381049be672db686defd
images/references/screenshots/mq0-reference-screenshot-026_947a1b35d0.png,assets/misc/reference/screenshots/mq0_reference_screenshot_026_947a1b35d0.png,assets/misc/reference/screenshots,637959,947a1b35d0ecccfa371a6373967d5a3a7647c338c7574b8b30602d5fc98bcff6
images/ui/mq0-ui-001_9a8dd04c01.jpeg,assets/ui/reference/mq0_ui_001_9a8dd04c01.jpeg,assets/ui/reference,776240,9a8dd04c0131963a409d25789757a78662d112a11cd4d67ba19e3d6a8f6a041e
images/ui/mq0-ui-002_17ec17f93e.png,assets/ui/reference/mq0_ui_002_17ec17f93e.png,assets/ui/reference,1863646,17ec17f93e8911c117aec2572f9e9c15d2c46ac59ccfd128e405f6e78ba65b9f
images/ui/mq0-ui-003_4bf196a4e4.png,assets/ui/reference/mq0_ui_003_4bf196a4e4.png,assets/ui/reference,2488324,4bf196a4e4af41ac8c303690593da7218b2e75ee081209fc63dc1613dec1aa45
